Order_ID,Product_ID,Local_ID,Date_ID,Customer_ID,Sales,Discount,Quantity,Profit
1,1,1,1,1,261.96,0.0,2,41.9136
2,2,2,2,2,731.94,0.0,3,219.582
3,3,3,3,3,14.62,0.0,2,6.8714
4,4,4,4,4,957.5775,0.45,5,-383.031
5,5,5,5,5,22.368,0.2,2,2.5164
6,6,6,6,6,48.86,0.0,7,14.1694
7,7,7,7,7,7.28,0.0,4,1.9656
8,8,8,8,8,907.152,0.2,6,90.7152
9,9,9,9,9,18.504,0.2,3,5.7825
10,10,10,10,10,114.9,0.0,5,34.47
11,11,11,11,11,1706.184,0.2,9,85.3092
12,12,12,12,12,911.424,0.2,4,68.3568
13,13,13,13,13,15.552,0.2,3,5.4432
14,14,14,14,14,407.976,0.2,3,132.5922
15,15,15,15,15,68.81,0.8,5,-123.858
16,16,16,16,16,2.544,0.8,3,-3.816
17,17,17,17,17,665.88,0.0,6,13.3176
18,18,18,18,18,55.5,0.0,2,9.99
19,19,19,19,19,8.56,0.0,2,2.4824
20,20,20,20,20,213.48,0.2,3,16.011
21,21,21,21,21,22.72,0.2,4,7.384
22,22,22,22,22,19.46,0.0,7,5.0596
23,23,23,23,23,60.34,0.0,7,15.6884
24,24,24,24,24,71.372,0.3,2,-1.0196
25,25,25,25,25,1044.63,0.0,3,240.2649
26,26,26,26,26,11.648,0.2,2,4.2224
27,27,27,27,27,90.57,0.0,3,11.7741
28,28,28,28,28,3083.43,0.5,7,-1665.0522
29,29,29,29,29,9.618,0.7,2,-7.0532
30,30,30,30,30,124.2,0.2,3,15.525
31,31,31,31,31,3.264,0.2,2,1.1016
32,32,32,32,32,86.304,0.2,6,9.7092
33,33,33,33,33,6.858,0.7,6,-5.715
34,34,34,34,34,15.76,0.2,2,3.546
35,35,35,35,35,29.472,0.2,3,9.9468
36,36,36,36,36,1097.544,0.2,7,123.4737
37,37,37,37,37,190.92,0.6,5,-147.963
38,38,38,38,38,113.328,0.2,9,35.415
39,39,39,39,39,532.3992,0.32,3,-46.9764
40,40,40,40,40,212.058,0.3,3,-15.147
41,41,41,41,41,371.168,0.2,4,41.7564
42,42,42,42,42,147.168,0.2,4,16.5564
43,43,43,43,43,77.88,0.0,2,3.894
44,44,44,44,44,95.616,0.2,2,9.5616
45,45,45,45,45,45.98,0.0,2,19.7714
46,46,46,46,46,17.46,0.0,2,8.2062
47,47,47,47,47,211.96,0.0,4,8.4784
48,48,48,48,48,45.0,0.0,3,4.95
49,49,49,49,49,21.8,0.0,2,6.104
50,50,50,50,50,38.22,0.0,6,17.9634
51,51,51,51,51,75.18,0.0,6,35.3346
52,52,52,52,52,6.16,0.0,2,2.9568
53,53,53,53,53,89.99,0.0,1,17.0981
54,54,54,54,54,15.26,0.0,7,6.2566
55,55,55,55,55,1029.95,0.0,5,298.6855
56,56,56,56,56,208.56,0.0,6,52.14
57,57,57,57,57,32.4,0.0,5,15.552
58,58,58,58,58,319.41,0.1,5,7.098
59,59,59,59,59,14.56,0.0,2,6.9888
60,60,60,60,60,30.0,0.0,2,3.3
61,61,61,61,61,48.48,0.2,4,16.362
62,62,62,62,62,1.68,0.0,1,0.84
63,63,63,63,63,13.98,0.0,2,6.1512
64,64,64,64,64,25.824,0.2,6,9.3612
65,65,65,65,65,146.73,0.0,3,68.9631
66,66,66,66,66,79.76,0.0,4,22.3328
67,67,67,67,67,213.115,0.3,5,-15.2225
68,68,68,68,68,1113.024,0.2,8,111.3024
69,69,69,69,69,167.968,0.2,4,62.988
70,70,70,70,70,75.88,0.0,2,35.6636
71,71,71,71,71,4.616,0.2,1,1.731
72,72,72,72,72,19.05,0.0,3,8.763
73,73,73,73,73,831.936,0.2,8,-114.3912
74,74,74,74,74,97.04,0.2,2,1.213
75,75,75,75,75,72.784,0.2,1,-18.196
76,76,76,76,76,1.248,0.8,3,-1.9344
77,77,77,77,77,9.708,0.6,3,-5.8248
78,78,78,78,78,27.24,0.2,3,2.724
79,79,79,79,79,19.3,0.6,5,-14.475
80,80,80,80,80,208.16,0.0,1,56.2032
81,81,81,81,81,16.74,0.0,3,8.0352
82,82,82,82,82,14.9,0.0,5,4.172
83,83,83,83,83,21.39,0.0,1,6.2031
84,84,84,84,84,200.984,0.2,7,62.8075
85,85,85,85,85,230.376,0.2,3,-48.9549
86,86,86,86,86,301.96,0.0,2,33.2156
87,87,87,87,87,19.99,0.0,1,6.7966
88,88,88,88,88,6.16,0.0,2,2.9568
89,89,89,89,89,158.368,0.2,7,13.8572
90,90,90,90,90,20.1,0.0,3,6.633
91,91,91,91,91,73.584,0.2,2,8.2782
92,92,92,92,92,6.48,0.0,1,3.1104
93,93,93,93,93,12.96,0.0,2,6.2208
94,94,94,94,94,53.34,0.0,3,16.5354
95,95,95,95,95,32.96,0.0,2,16.1504
96,96,96,96,96,5.682,0.7,1,-3.788
97,97,97,97,97,96.53,0.0,7,40.5426
98,98,98,98,98,51.312,0.2,3,17.9592
99,99,99,99,99,77.88,0.0,6,22.5852
100,100,100,100,100,64.624,0.2,7,22.6184
101,101,101,101,101,95.976,0.2,3,-10.7973
102,102,102,102,102,1.788,0.8,3,-3.0396
103,103,103,103,103,23.92,0.0,4,11.7208
104,104,104,104,104,238.896,0.2,6,-26.8758
105,105,105,105,105,102.36,0.2,3,-3.8385
106,106,106,106,106,36.882,0.7,3,-25.8174
107,107,107,107,107,74.112,0.2,8,17.6016
108,108,108,108,108,27.992,0.2,1,2.0994
109,109,109,109,109,3.304,0.2,1,1.0738
110,110,110,110,110,339.96,0.2,5,67.992
111,111,111,111,111,41.96,0.0,2,10.9096
112,112,112,112,112,75.96,0.0,2,22.788
113,113,113,113,113,27.24,0.0,6,13.3476
114,114,114,114,114,40.096,0.2,14,14.5348
115,115,115,115,115,4.72,0.2,2,1.652
116,116,116,116,116,23.976,0.2,3,7.4925
117,117,117,117,117,130.464,0.2,6,44.0316
118,118,118,118,118,787.53,0.0,3,165.3813
119,119,119,119,119,157.794,0.7,1,-115.7156
120,120,120,120,120,47.04,0.0,3,18.3456
121,121,121,121,121,30.84,0.0,4,13.878
122,122,122,122,122,226.56,0.0,6,63.4368
123,123,123,123,123,115.02,0.0,9,51.759
124,124,124,124,124,68.04,0.0,7,19.7316
125,125,125,125,125,600.558,0.3,3,-8.5794
126,126,126,126,126,617.7,0.5,6,-407.682
127,127,127,127,127,2.388,0.7,2,-1.8308
128,128,128,128,128,243.992,0.2,7,30.499
129,129,129,129,129,81.424,0.2,2,-9.1602
130,130,130,130,130,238.56,0.0,3,26.2416
131,131,131,131,131,59.97,0.4,5,-11.994
132,132,132,132,132,78.304,0.2,2,29.364
133,133,133,133,133,21.456,0.2,9,6.9732
134,134,134,134,134,20.04,0.0,3,9.6192
135,135,135,135,135,35.44,0.0,1,16.6568
136,136,136,136,136,11.52,0.0,4,3.456
137,137,137,137,137,4.02,0.0,2,1.9698
138,138,138,138,138,76.176,0.2,3,26.6616
139,139,139,139,139,65.88,0.0,6,18.4464
140,140,140,140,140,43.12,0.0,14,20.6976
141,141,141,141,141,82.8,0.2,2,10.35
142,142,142,142,142,8.82,0.0,3,2.3814
143,143,143,143,143,10.86,0.0,3,5.1042
144,144,144,144,144,143.7,0.0,3,68.976
145,145,145,145,145,839.43,0.0,3,218.2518
146,146,146,146,146,671.93,0.0,7,20.1579
147,147,147,147,147,93.888,0.2,4,12.9096
148,148,148,148,148,384.45,0.0,11,103.8015
149,149,149,149,149,149.97,0.0,3,5.9988
150,150,150,150,150,1951.84,0.0,8,585.552
151,151,151,151,151,171.55,0.0,5,80.6285
152,152,152,152,152,157.92,0.2,5,17.766
153,153,153,153,153,203.184,0.2,2,15.2388
154,154,154,154,154,58.38,0.0,7,26.271
155,155,155,155,155,105.52,0.0,4,48.5392
156,156,156,156,156,80.88,0.0,6,21.0288
157,157,157,157,157,6.63,0.0,3,1.7901
158,158,158,158,158,457.568,0.2,2,51.4764
159,159,159,159,159,14.62,0.0,2,6.8714
160,160,160,160,160,944.93,0.0,7,236.2325
161,161,161,161,161,5.98,0.0,1,2.691
162,162,162,162,162,54.384,0.2,2,1.3596
163,163,163,163,163,28.4,0.0,5,13.348
164,164,164,164,164,27.68,0.2,2,9.688
165,165,165,165,165,9.936,0.2,3,2.7324
166,166,166,166,166,8159.952,0.4,8,-1359.992
167,167,167,167,167,275.928,0.2,3,-58.6347
168,168,168,168,168,1740.06,0.3,9,-24.858
169,169,169,169,169,32.064,0.2,6,6.8136
170,170,170,170,170,177.98,0.8,5,-453.849
171,171,171,171,171,143.976,0.2,3,8.9985
172,172,172,172,172,20.94,0.0,3,9.8418
173,173,173,173,173,110.96,0.0,2,53.2608
174,174,174,174,174,340.144,0.2,7,21.259
175,175,175,175,175,52.448,0.8,2,-131.12
176,176,176,176,176,20.16,0.2,4,6.552
177,177,177,177,177,97.264,0.8,4,-243.16
178,178,178,178,178,396.802,0.3,7,-11.3372
179,179,179,179,179,15.88,0.2,5,-3.7715
180,180,180,180,180,3.28,0.0,1,1.4104
181,181,181,181,181,24.816,0.2,2,1.8612
182,182,182,182,182,408.744,0.2,7,76.6395
183,183,183,183,183,503.96,0.0,4,131.0296
184,184,184,184,184,149.95,0.0,5,41.986
185,185,185,185,185,29.0,0.0,2,7.25
186,186,186,186,186,7.16,0.0,2,3.4368
187,187,187,187,187,176.8,0.0,8,22.984
188,188,188,188,188,37.224,0.2,3,3.7224
189,189,189,189,189,20.016,0.2,3,6.255
190,190,190,190,190,899.136,0.2,4,112.392
191,191,191,191,191,71.76,0.0,6,20.0928
192,192,192,192,192,51.84,0.0,8,24.8832
193,193,193,193,193,626.352,0.2,3,46.9764
194,194,194,194,194,19.9,0.0,5,6.567
195,195,195,195,195,14.28,0.0,7,6.7116
196,196,196,196,196,7.408,0.2,2,1.2038
197,197,197,197,197,6.048,0.2,3,1.5876
198,198,198,198,198,46.26,0.0,3,12.0276
199,199,199,199,199,2.946,0.7,2,-2.2586
200,200,200,200,200,16.056,0.2,3,5.8203
201,201,201,201,201,21.744,0.2,3,6.795
202,202,202,202,202,218.75,0.5,2,-161.875
203,203,203,203,203,2.6,0.2,1,0.2925
204,204,204,204,204,66.284,0.8,2,-178.9668
205,205,205,205,205,35.168,0.2,7,9.6712
206,206,206,206,206,444.768,0.2,4,44.4768
207,207,207,207,207,83.92,0.0,4,5.8744
208,208,208,208,208,131.98,0.0,2,35.6346
209,209,209,209,209,15.92,0.0,4,7.4824
210,210,210,210,210,52.29,0.0,9,16.2099
211,211,211,211,211,91.99,0.0,1,3.6796
212,212,212,212,212,20.8,0.2,2,6.5
213,213,213,213,213,23.68,0.2,2,8.88
214,214,214,214,214,452.45,0.5,5,-244.323
215,215,215,215,215,62.982,0.4,3,-14.6958
216,216,216,216,216,1188.0,0.7,9,-950.4
217,217,217,217,217,89.584,0.2,2,4.4792
218,218,218,218,218,93.06,0.0,6,26.0568
219,219,219,219,219,302.376,0.2,3,22.6782
220,220,220,220,220,5.584,0.2,2,1.8148
221,221,221,221,221,22.704,0.2,6,8.2302
222,222,222,222,222,19.776,0.7,4,-13.8432
223,223,223,223,223,72.704,0.2,4,19.0848
224,224,224,224,224,479.988,0.7,4,-383.9904
225,225,225,225,225,27.168,0.2,2,2.7168
226,226,226,226,226,2.2,0.0,1,0.968
227,227,227,227,227,622.45,0.0,5,136.939
228,228,228,228,228,21.98,0.0,1,0.2198
229,229,229,229,229,161.568,0.2,2,-28.2744
230,230,230,230,230,389.696,0.2,8,43.8408
231,231,231,231,231,18.648,0.7,7,-12.432
232,232,232,232,232,233.86,0.45,2,-102.048
233,233,233,233,233,620.6145,0.45,3,-248.2458
234,234,234,234,234,5.328,0.7,2,-3.552
235,235,235,235,235,258.072,0.2,3,0.0
236,236,236,236,236,617.976,0.2,3,-7.7247
237,237,237,237,237,10.56,0.0,2,4.752
238,238,238,238,238,25.92,0.2,5,9.396
239,239,239,239,239,419.68,0.6,5,-356.728
240,240,240,240,240,11.688,0.6,3,-4.6752
241,241,241,241,241,31.984,0.2,2,11.1944
242,242,242,242,242,177.225,0.5,5,-120.513
243,243,243,243,243,4.044,0.6,3,-2.8308
244,244,244,244,244,7.408,0.2,2,1.2038
245,245,245,245,245,2001.86,0.0,7,580.5394
246,246,246,246,246,166.72,0.0,2,41.68
247,247,247,247,247,47.88,0.0,6,23.94
248,248,248,248,248,1503.25,0.0,5,496.0725
249,249,249,249,249,25.92,0.0,4,12.4416
250,250,250,250,250,321.568,0.2,2,28.1372
251,251,251,251,251,7.61,0.0,1,3.5767
252,252,252,252,252,3347.37,0.0,13,636.0003
253,253,253,253,253,80.58,0.0,6,22.5624
254,254,254,254,254,361.92,0.0,4,162.864
255,255,255,255,255,12.132,0.6,9,-8.4924
256,256,256,256,256,82.368,0.2,2,-19.5624
257,257,257,257,257,53.92,0.2,5,4.044
258,258,258,258,258,647.904,0.2,6,56.6916
259,259,259,259,259,20.37,0.0,3,6.9258
260,260,260,260,260,221.55,0.0,3,6.6465
261,261,261,261,261,17.52,0.2,5,6.132
262,262,262,262,262,1.624,0.8,2,-4.466
263,263,263,263,263,3059.982,0.4,3,-509.997
264,264,264,264,264,2519.958,0.4,7,-251.9958
265,265,265,265,265,328.224,0.2,4,28.7196
266,266,266,266,266,79.9,0.0,2,35.156
267,267,267,267,267,14.016,0.2,3,4.7304
268,268,268,268,268,7.56,0.0,6,0.3024
269,269,269,269,269,37.208,0.2,1,-7.4416
270,270,270,270,270,57.576,0.2,3,21.591
271,271,271,271,271,725.84,0.0,4,210.4936
272,272,272,272,272,209.93,0.0,7,92.3692
273,273,273,273,273,5.28,0.0,3,2.3232
274,274,274,274,274,10.92,0.2,3,4.095
275,275,275,275,275,8.82,0.0,2,4.0572
276,276,276,276,276,5.98,0.0,1,1.5548
277,277,277,277,277,11.648,0.2,2,4.0768
278,278,278,278,278,18.176,0.2,4,5.9072
279,279,279,279,279,59.712,0.2,6,5.9712
280,280,280,280,280,24.84,0.2,3,8.694
281,281,281,281,281,2.08,0.8,5,-3.432
282,282,282,282,282,1114.4,0.2,7,376.11
283,283,283,283,283,1038.84,0.2,5,51.942
284,284,284,284,284,141.76,0.2,5,47.844
285,285,285,285,285,239.8,0.2,5,47.96
286,286,286,286,286,31.104,0.2,6,10.8864
287,287,287,287,287,254.058,0.7,7,-169.372
288,288,288,288,288,194.528,0.2,2,24.316
289,289,289,289,289,961.48,0.2,5,-204.3145
290,290,290,290,290,19.096,0.2,7,6.6836
291,291,291,291,291,18.496,0.2,8,6.2424
292,292,292,292,292,255.984,0.2,2,54.3966
293,293,293,293,293,86.97,0.5,3,-48.7032
294,294,294,294,294,300.416,0.2,8,78.8592
295,295,295,295,295,230.352,0.2,3,20.1558
296,296,296,296,296,218.352,0.2,3,-24.5646
297,297,297,297,297,78.6,0.7,5,-62.88
298,298,298,298,298,27.552,0.2,3,9.2988
299,299,299,299,299,32.4,0.0,5,15.552
300,300,300,300,300,1082.48,0.0,8,10.8248
301,301,301,301,301,56.91,0.0,3,27.3168
302,302,302,302,302,77.6,0.0,4,38.024
303,303,303,303,303,14.28,0.0,1,6.5688
304,304,304,304,304,219.075,0.5,3,-131.445
305,305,305,305,305,26.8,0.0,2,12.864
306,306,306,306,306,9.84,0.0,3,2.8536
307,307,307,307,307,45.48,0.0,3,20.9208
308,308,308,308,308,289.2,0.0,6,83.868
309,309,309,309,309,4.89,0.0,1,2.0049
310,310,310,310,310,15.136,0.2,4,3.5948
311,311,311,311,311,466.768,0.2,2,52.5114
312,312,312,312,312,15.232,0.2,1,1.7136
313,313,313,313,313,6.264,0.2,3,2.0358
314,314,314,314,314,87.54,0.0,3,37.6422
315,315,315,315,315,178.384,0.2,2,22.298
316,316,316,316,316,15.552,0.2,3,5.4432
317,317,317,317,317,99.136,0.2,4,8.6744
318,318,318,318,318,135.882,0.1,1,24.1568
319,319,319,319,319,3991.98,0.0,2,1995.99
320,320,320,320,320,275.94,0.0,6,80.0226
321,321,321,321,321,360.0,0.0,4,129.6
322,322,322,322,322,43.57,0.0,1,13.071
323,323,323,323,323,7.16,0.0,2,3.58
324,324,324,324,324,251.52,0.2,6,81.744
325,325,325,325,325,99.99,0.0,1,34.9965
326,326,326,326,326,15.992,0.2,1,0.9995
327,327,327,327,327,290.898,0.4,3,-67.8762
328,328,328,328,328,54.224,0.2,2,3.389
329,329,329,329,329,786.744,0.3,4,-258.5016
330,330,330,330,330,100.24,0.2,10,33.831
331,331,331,331,331,37.764,0.7,6,-27.6936
332,332,332,332,332,82.8,0.4,2,-20.7
333,333,333,333,333,20.724,0.7,2,-13.816
334,334,334,334,334,4.896,0.7,3,-3.4272
335,335,335,335,335,4.752,0.2,1,1.6038
336,336,336,336,336,959.984,0.2,2,335.9944
337,337,337,337,337,14.368,0.2,4,4.49
338,338,338,338,338,7.712,0.2,2,2.7956
339,339,339,339,339,698.352,0.2,3,-17.4588
340,340,340,340,340,4.96,0.0,4,2.3312
341,341,341,341,341,17.856,0.2,4,1.116
342,342,342,342,342,509.97,0.7,10,-407.976
343,343,343,343,343,30.992,0.2,13,10.0724
344,344,344,344,344,71.928,0.4,12,8.3916
345,345,345,345,345,88.8,0.2,4,-2.22
346,346,346,346,346,47.976,0.2,3,4.7976
347,347,347,347,347,7.56,0.0,3,3.0996
348,348,348,348,348,24.56,0.0,2,11.5432
349,349,349,349,349,12.96,0.0,2,4.1472
350,350,350,350,350,6.79,0.0,1,2.3086
351,351,351,351,351,24.56,0.0,2,11.5432
352,352,352,352,352,3.048,0.2,1,1.0668
353,353,353,353,353,49.12,0.0,4,23.0864
354,354,354,354,354,4355.168,0.2,4,1415.4296
355,355,355,355,355,388.704,0.2,6,-4.8588
356,356,356,356,356,8.26,0.0,2,3.7996
357,357,357,357,357,17.04,0.0,4,6.9864
358,358,358,358,358,34.4,0.0,5,15.824
359,359,359,359,359,36.24,0.2,5,11.325
360,360,360,360,360,647.84,0.0,8,168.4384
361,361,361,361,361,20.7,0.0,2,9.936
362,362,362,362,362,20.7,0.0,2,9.936
363,363,363,363,363,488.646,0.1,3,86.8704
364,364,364,364,364,5.56,0.0,2,1.4456
365,365,365,365,365,47.12,0.0,8,20.7328
366,366,366,366,366,211.96,0.0,4,8.4784
367,367,367,367,367,23.2,0.0,4,10.44
368,368,368,368,368,7.36,0.0,2,0.1472
369,369,369,369,369,104.79,0.0,7,29.3412
370,370,370,370,370,1043.92,0.0,4,271.4192
371,371,371,371,371,25.92,0.2,5,9.396
372,372,372,372,372,53.424,0.2,3,4.6746
373,373,373,373,373,8.16,0.7,5,-5.712
374,374,374,374,374,1023.936,0.2,8,179.1888
375,375,375,375,375,9.24,0.2,1,0.924
376,376,376,376,376,479.04,0.2,10,-29.94
377,377,377,377,377,99.136,0.2,4,30.98
378,378,378,378,378,1488.424,0.3,7,-297.6848
379,379,379,379,379,8.652,0.8,3,-20.3322
380,380,380,380,380,23.832,0.2,3,2.6811
381,381,381,381,381,12.176,0.8,4,-18.8728
382,382,382,382,382,50.96,0.0,7,25.48
383,383,383,383,383,49.536,0.2,3,17.3376
384,384,384,384,384,41.9,0.0,2,8.799
385,385,385,385,385,375.4575,0.45,3,-157.0095
386,386,386,386,386,83.976,0.2,3,-1.0497
387,387,387,387,387,482.34,0.7,4,-337.638
388,388,388,388,388,2.96,0.2,1,0.777
389,389,389,389,389,2.624,0.2,1,0.4264
390,390,390,390,390,23.36,0.2,4,7.884
391,391,391,391,391,39.98,0.0,2,13.5932
392,392,392,392,392,246.384,0.2,2,27.7182
393,393,393,393,393,1799.97,0.0,3,701.9883
394,394,394,394,394,12.462,0.8,3,-20.5623
395,395,395,395,395,75.792,0.2,3,25.5798
396,396,396,396,396,49.96,0.0,2,9.4924
397,397,397,397,397,12.96,0.0,2,6.2208
398,398,398,398,398,70.12,0.0,4,21.036
399,399,399,399,399,35.952,0.2,3,3.5952
400,400,400,400,400,2396.2656,0.32,4,-317.1528
401,401,401,401,401,131.136,0.2,4,-32.784
402,402,402,402,402,57.584,0.2,2,0.7198
403,403,403,403,403,9.568,0.2,2,3.4684
404,404,404,404,404,39.072,0.2,6,9.768
405,405,405,405,405,35.91,0.0,3,9.6957
406,406,406,406,406,179.95,0.0,5,37.7895
407,407,407,407,407,1199.976,0.2,3,434.9913
408,408,408,408,408,27.15,0.0,5,13.3035
409,409,409,409,409,1004.024,0.2,7,-112.9527
410,410,410,410,410,9.68,0.0,1,4.6464
411,411,411,411,411,28.35,0.0,9,13.608
412,412,412,412,412,55.98,0.0,1,27.4302
413,413,413,413,413,1336.829,0.15,13,31.4548
414,414,414,414,414,113.568,0.2,2,-18.4548
415,415,415,415,415,139.86,0.0,7,65.7342
416,416,416,416,416,307.136,0.2,4,26.8744
417,417,417,417,417,95.92,0.0,8,25.8984
418,418,418,418,418,383.8,0.2,5,38.38
419,419,419,419,419,5.78,0.0,1,2.8322
420,420,420,420,420,9.32,0.0,4,2.7028
421,421,421,421,421,15.25,0.0,1,7.015
422,422,422,422,422,196.752,0.2,6,56.5662
423,423,423,423,423,56.56,0.0,4,14.7056
424,424,424,424,424,32.7,0.0,3,8.502
425,425,425,425,425,866.4,0.0,4,225.264
426,426,426,426,426,28.4,0.0,2,11.076
427,427,427,427,427,287.92,0.0,8,138.2016
428,428,428,428,428,69.99,0.0,1,30.0957
429,429,429,429,429,6.672,0.2,6,0.5004
430,430,430,430,430,189.588,0.7,2,-145.3508
431,431,431,431,431,408.744,0.2,7,76.6395
432,432,432,432,432,291.96,0.2,5,54.7425
433,433,433,433,433,4.768,0.2,2,-0.7748
434,434,434,434,434,714.3,0.0,5,207.147
435,435,435,435,435,4.812,0.7,2,-3.6892
436,436,436,436,436,247.8,0.2,5,-18.585
437,437,437,437,437,1007.979,0.3,3,43.1991
438,438,438,438,438,313.488,0.2,7,113.6394
439,439,439,439,439,31.872,0.2,8,11.5536
440,440,440,440,440,207.846,0.1,3,2.3094
441,441,441,441,441,12.22,0.0,1,3.666
442,442,442,442,442,194.94,0.0,3,23.3928
443,443,443,443,443,70.95,0.0,3,20.5755
444,444,444,444,444,91.36,0.0,4,42.0256
445,445,445,445,445,242.94,0.0,3,29.1528
446,446,446,446,446,22.05,0.0,7,10.584
447,447,447,447,447,2.91,0.0,1,1.3677
448,448,448,448,448,59.52,0.0,3,15.4752
449,449,449,449,449,161.94,0.0,3,9.7164
450,450,450,450,450,263.88,0.0,6,71.2476
451,451,451,451,451,30.48,0.0,3,7.9248
452,452,452,452,452,9.84,0.0,3,2.8536
453,453,453,453,453,35.12,0.0,4,9.1312
454,454,454,454,454,284.364,0.4,2,-75.8304
455,455,455,455,455,665.408,0.2,2,66.5408
456,456,456,456,456,63.88,0.0,4,24.9132
457,457,457,457,457,129.568,0.2,2,-24.294
458,458,458,458,458,747.558,0.3,3,-96.1146
459,459,459,459,459,8.928,0.2,2,3.348
460,460,460,460,460,103.92,0.0,4,36.372
461,461,461,461,461,899.91,0.0,9,377.9622
462,462,462,462,462,51.312,0.2,3,18.6006
463,463,463,463,463,23.56,0.2,5,7.068
464,464,464,464,464,1272.63,0.5,6,-814.4832
465,465,465,465,465,28.485,0.7,5,-20.889
466,466,466,466,466,185.376,0.2,2,-34.758
467,467,467,467,467,78.272,0.2,2,5.8704
468,468,468,468,468,254.744,0.6,7,-312.0614
469,469,469,469,469,205.3328,0.32,2,-36.2352
470,470,470,470,470,4.788,0.8,3,-7.9002
471,471,471,471,471,55.48,0.0,1,26.6304
472,472,472,472,472,340.92,0.0,3,3.4092
473,473,473,473,473,222.666,0.15,2,10.4784
474,474,474,474,474,703.968,0.2,4,87.996
475,475,475,475,475,92.52,0.0,6,24.9804
476,476,476,476,476,62.65,0.0,7,28.819
477,477,477,477,477,94.85,0.0,5,45.528
478,478,478,478,478,95.76,0.2,6,7.182
479,479,479,479,479,40.2,0.0,3,19.296
480,480,480,480,480,14.7,0.0,5,6.615
481,481,481,481,481,704.25,0.0,5,84.51
482,482,482,482,482,9.09,0.0,3,1.9089
483,483,483,483,483,5.96,0.0,2,1.6688
484,484,484,484,484,159.98,0.0,2,57.5928
485,485,485,485,485,29.6,0.0,2,14.8
486,486,486,486,486,514.165,0.15,5,-30.245
487,487,487,487,487,279.96,0.2,5,17.4975
488,488,488,488,488,2735.952,0.2,6,341.994
489,489,489,489,489,7.992,0.2,1,0.5994
490,490,490,490,490,63.984,0.2,2,10.3974
491,491,491,491,491,70.368,0.2,2,6.1572
492,492,492,492,492,449.15,0.0,5,8.983
493,493,493,493,493,11.07,0.0,3,5.0922
494,494,494,494,494,93.98,0.0,2,13.1572
495,495,495,495,495,189.882,0.4,3,-94.941
496,496,496,496,496,105.42,0.0,2,51.6558
497,497,497,497,497,119.616,0.2,8,40.3704
498,498,498,498,498,255.76,0.0,4,81.8432
499,499,499,499,499,241.568,0.2,2,18.1176
500,500,500,500,500,69.3,0.0,9,22.869
501,501,501,501,501,22.62,0.7,2,-15.08
502,502,502,502,502,14.952,0.7,2,-11.9616
503,503,503,503,503,801.568,0.2,2,50.098
504,504,504,504,504,2.376,0.7,3,-1.9008
505,505,505,505,505,32.792,0.2,1,11.8871
506,506,506,506,506,15.92,0.2,5,5.373
507,507,507,507,507,2.74,0.0,1,0.7398
508,508,508,508,508,8.34,0.0,3,2.1684
509,509,509,509,509,46.74,0.0,3,11.685
510,510,510,510,510,6354.95,0.0,5,3177.475
511,511,511,511,511,126.3,0.0,3,40.416
512,512,512,512,512,38.04,0.0,2,12.1728
513,513,513,513,513,7.152,0.2,3,0.7152
514,514,514,514,514,6.63,0.0,3,1.7901
515,515,515,515,515,5.88,0.0,2,1.7052
516,516,516,516,516,2999.95,0.0,5,1379.977
517,517,517,517,517,51.45,0.0,3,13.8915
518,518,518,518,518,11.96,0.0,2,5.382
519,519,519,519,519,1126.02,0.0,3,56.301
520,520,520,520,520,18.392,0.2,1,5.2877
521,521,521,521,521,129.568,0.2,2,-25.9136
522,522,522,522,522,14.112,0.8,9,-21.168
523,523,523,523,523,210.98,0.0,2,21.098
524,524,524,524,524,55.176,0.2,3,-12.4146
525,525,525,525,525,66.26,0.0,2,27.1666
526,526,526,526,526,22.2,0.0,5,10.434
527,527,527,527,527,683.952,0.2,3,42.747
528,528,528,528,528,45.696,0.2,3,5.1408
529,529,529,529,529,36.336,0.2,3,-7.2672
530,530,530,530,530,666.248,0.2,1,-149.9058
531,531,531,531,531,52.512,0.2,6,19.692
532,532,532,532,532,190.72,0.2,1,11.92
533,533,533,533,533,47.94,0.0,3,2.397
534,534,534,534,534,979.95,0.0,5,274.386
535,535,535,535,535,22.75,0.0,5,11.375
536,536,536,536,536,16.768,0.2,2,1.4672
537,537,537,537,537,42.616,0.8,7,-68.1856
538,538,538,538,538,10.752,0.2,4,3.36
539,539,539,539,539,152.94,0.0,3,41.2938
540,540,540,540,540,283.92,0.0,4,70.98
541,541,541,541,541,468.9,0.0,6,206.316
542,542,542,542,542,380.864,0.2,8,38.0864
543,543,543,543,543,646.776,0.2,9,-145.5246
544,544,544,544,544,58.112,0.2,2,7.264
545,545,545,545,545,100.792,0.2,1,6.2995
546,546,546,546,546,66.112,0.6,4,-84.2928
547,547,547,547,547,41.28,0.2,6,13.932
548,548,548,548,548,13.36,0.0,2,6.4128
549,549,549,549,549,250.272,0.2,9,15.642
550,550,550,550,550,11.364,0.8,3,-17.046
551,551,551,551,551,8.72,0.2,5,-1.744
552,552,552,552,552,1121.568,0.2,2,0.0
553,553,553,553,553,34.504,0.2,1,6.0382
554,554,554,554,554,10.824,0.2,3,2.5707
555,555,555,555,555,1295.78,0.0,2,310.9872
556,556,556,556,556,19.456,0.2,4,3.4048
557,557,557,557,557,20.7,0.0,2,9.936
558,558,558,558,558,1335.68,0.2,4,-217.048
559,559,559,559,559,32.4,0.0,5,15.552
560,560,560,560,560,42.6,0.0,3,16.614
561,561,561,561,561,84.056,0.2,7,27.3182
562,562,562,562,562,13.0,0.2,5,1.3
563,563,563,563,563,13.128,0.2,3,3.7743
564,564,564,564,564,3.96,0.0,2,0.0
565,565,565,565,565,2.61,0.0,1,1.2006
566,566,566,566,566,374.376,0.2,3,46.797
567,567,567,567,567,91.84,0.0,8,45.0016
568,568,568,568,568,81.088,0.2,7,27.3672
569,569,569,569,569,19.44,0.0,3,9.3312
570,570,570,570,570,451.152,0.2,3,0.0
571,571,571,571,571,72.45,0.0,7,34.776
572,572,572,572,572,13.96,0.0,4,6.4216
573,573,573,573,573,33.264,0.2,7,11.2266
574,574,574,574,574,14.85,0.0,3,4.0095
575,575,575,575,575,8.82,0.0,3,2.3814
576,576,576,576,576,160.72,0.0,14,78.7528
577,577,577,577,577,19.92,0.0,4,9.7608
578,578,578,578,578,7.3,0.0,2,2.19
579,579,579,579,579,69.712,0.2,2,8.714
580,580,580,580,580,8.792,0.6,1,-5.7148
581,581,581,581,581,51.52,0.0,4,1.5456
582,582,582,582,582,470.376,0.2,3,52.9173
583,583,583,583,583,105.584,0.2,2,9.2386
584,584,584,584,584,31.152,0.2,3,3.5046
585,585,585,585,585,6.783,0.7,7,-4.7481
586,586,586,586,586,406.368,0.2,4,30.4776
587,587,587,587,587,70.98,0.0,1,4.9686
588,588,588,588,588,294.93,0.0,3,144.5157
589,589,589,589,589,84.784,0.2,2,-20.1362
590,590,590,590,590,20.736,0.2,4,7.2576
591,591,591,591,591,16.821,0.7,3,-12.8961
592,592,592,592,592,10.368,0.2,2,3.6288
593,593,593,593,593,9.344,0.2,2,1.168
594,594,594,594,594,31.2,0.2,3,9.75
595,595,595,595,595,76.12,0.0,2,22.0748
596,596,596,596,596,1199.976,0.2,3,434.9913
597,597,597,597,597,445.96,0.2,5,55.745
598,598,598,598,598,327.76,0.0,8,91.7728
599,599,599,599,599,11.632,0.2,2,1.0178
600,600,600,600,600,143.982,0.4,3,-28.7964
601,601,601,601,601,494.376,0.4,4,-115.3544
602,602,602,602,602,5.84,0.2,2,0.73
603,603,603,603,603,142.776,0.2,1,17.847
604,604,604,604,604,45.696,0.2,3,5.1408
605,605,605,605,605,7.218,0.7,3,-5.5338
606,606,606,606,606,43.188,0.7,4,-31.6712
607,607,607,607,607,131.904,0.2,3,47.8152
608,608,608,608,608,3.282,0.7,2,-2.6256
609,609,609,609,609,21.168,0.2,9,2.3814
610,610,610,610,610,55.188,0.4,2,-10.1178
611,611,611,611,611,369.576,0.2,3,41.5773
612,612,612,612,612,15.712,0.2,4,5.6956
613,613,613,613,613,8.448,0.2,2,2.64
614,614,614,614,614,728.946,0.4,9,-157.9383
615,615,615,615,615,119.94,0.4,10,15.992
616,616,616,616,616,3.648,0.7,2,-2.7968
617,617,617,617,617,40.48,0.0,2,15.7872
618,618,618,618,618,9.94,0.0,2,3.0814
619,619,619,619,619,107.424,0.2,9,33.57
620,620,620,620,620,37.91,0.0,1,10.9939
621,621,621,621,621,88.02,0.0,3,27.2862
622,622,622,622,622,8.69,0.8,5,-14.773
623,623,623,623,623,301.96,0.0,2,87.5684
624,624,624,624,624,555.21,0.1,5,178.901
625,625,625,625,625,523.48,0.0,4,130.87
626,626,626,626,626,161.82,0.0,9,46.9278
627,627,627,627,627,35.56,0.0,7,12.0904
628,628,628,628,628,97.16,0.0,2,28.1764
629,629,629,629,629,15.24,0.2,5,5.1435
630,630,630,630,630,13.23,0.0,3,6.0858
631,631,631,631,631,243.384,0.2,3,-51.7191
632,632,632,632,632,119.8,0.2,5,29.95
633,633,633,633,633,300.768,0.2,4,30.0768
634,634,634,634,634,17.88,0.2,3,2.4585
635,635,635,635,635,235.944,0.2,3,85.5297
636,636,636,636,636,392.94,0.0,3,43.2234
637,637,637,637,637,18.882,0.7,3,-13.8468
638,638,638,638,638,122.328,0.2,3,12.2328
639,639,639,639,639,1049.2,0.0,5,272.792
640,640,640,640,640,15.424,0.2,4,5.0128
641,641,641,641,641,18.84,0.0,3,6.0288
642,642,642,642,642,330.4,0.0,2,85.904
643,643,643,643,643,26.25,0.0,7,12.6
644,644,644,644,644,132.52,0.0,4,54.3332
645,645,645,645,645,6.48,0.0,1,3.1752
646,646,646,646,646,209.3,0.0,2,56.511
647,647,647,647,647,31.56,0.2,5,9.8625
648,648,648,648,648,30.144,0.2,2,3.0144
649,649,649,649,649,14.8,0.0,4,6.068
650,650,650,650,650,302.376,0.2,3,22.6782
651,651,651,651,651,316.0,0.0,4,31.6
652,652,652,652,652,379.4,0.0,10,178.318
653,653,653,653,653,97.82,0.0,2,45.9754
654,654,654,654,654,103.12,0.0,8,10.312
655,655,655,655,655,113.552,0.2,2,8.5164
656,656,656,656,656,3.318,0.7,2,-2.6544
657,657,657,657,657,134.288,0.2,2,45.3222
658,658,658,658,658,701.372,0.3,2,-50.098
659,659,659,659,659,2.308,0.8,2,-3.462
660,660,660,660,660,999.432,0.2,7,124.929
661,661,661,661,661,724.08,0.2,14,-135.765
662,662,662,662,662,918.785,0.3,5,-118.1295
663,663,663,663,663,2.724,0.8,3,-4.2222
664,664,664,664,664,459.95,0.0,5,18.398
665,665,665,665,665,10.74,0.0,3,5.2626
666,666,666,666,666,23.76,0.2,3,2.079
667,667,667,667,667,85.056,0.2,3,28.7064
668,668,668,668,668,381.576,0.2,3,28.6182
669,669,669,669,669,30.36,0.2,5,8.7285
670,670,670,670,670,23.976,0.6,3,-14.3856
671,671,671,671,671,108.925,0.5,1,-71.8905
672,672,672,672,672,36.352,0.2,8,11.36
673,673,673,673,673,19.56,0.2,5,1.7115
674,674,674,674,674,61.44,0.0,3,16.5888
675,675,675,675,675,38.9,0.0,5,17.505
676,676,676,676,676,99.39,0.0,3,40.7499
677,677,677,677,677,2.688,0.8,3,-7.392
678,678,678,678,678,27.816,0.2,3,4.5201
679,679,679,679,679,82.524,0.6,3,-41.262
680,680,680,680,680,182.994,0.8,3,-320.2395
681,681,681,681,681,14.352,0.2,3,4.6644
682,682,682,682,682,64.96,0.0,2,2.5984
683,683,683,683,683,68.6,0.0,4,18.522
684,684,684,684,684,7999.98,0.5,4,-3839.9904
685,685,685,685,685,167.44,0.2,2,14.651
686,686,686,686,686,479.97,0.0,3,163.1898
687,687,687,687,687,14.62,0.0,2,6.8714
688,688,688,688,688,19.44,0.0,3,9.3312
689,689,689,689,689,191.984,0.2,2,4.7996
690,690,690,690,690,104.01,0.0,1,14.5614
691,691,691,691,691,284.82,0.0,1,74.0532
692,692,692,692,692,36.84,0.0,3,10.3152
693,693,693,693,693,166.24,0.0,1,24.936
694,694,694,694,694,33.4,0.0,5,16.032
695,695,695,695,695,198.272,0.2,8,17.3488
696,696,696,696,696,47.36,0.2,4,17.76
697,697,697,697,697,200.984,0.2,7,62.8075
698,698,698,698,698,97.696,0.2,4,31.7512
699,699,699,699,699,2.696,0.2,1,0.8088
700,700,700,700,700,18.588,0.7,2,-13.6312
701,701,701,701,701,4.896,0.7,3,-3.4272
702,702,702,702,702,15.072,0.2,3,4.1448
703,703,703,703,703,209.88,0.0,3,35.6796
704,704,704,704,704,369.912,0.2,3,-13.8717
705,705,705,705,705,10.368,0.2,2,3.6288
706,706,706,706,706,166.84,0.2,5,18.7695
707,707,707,707,707,15.216,0.2,1,2.2824
708,708,708,708,708,119.96,0.0,4,52.7824
709,709,709,709,709,883.92,0.2,5,-110.49
710,710,710,710,710,46.72,0.2,8,15.768
711,711,711,711,711,55.48,0.0,1,26.6304
712,712,712,712,712,24.448,0.2,4,8.8624
713,713,713,713,713,281.34,0.0,6,109.7226
714,714,714,714,714,307.98,0.0,2,89.3142
715,715,715,715,715,299.97,0.0,3,113.9886
716,716,716,716,716,19.92,0.2,5,6.972
717,717,717,717,717,9.94,0.0,2,3.0814
718,718,718,718,718,103.056,0.2,3,24.4758
719,719,719,719,719,59.808,0.2,3,19.4376
720,720,720,720,720,73.32,0.0,6,21.996
721,721,721,721,721,146.82,0.0,3,73.41
722,722,722,722,722,1652.94,0.0,3,231.4116
723,723,723,723,723,296.37,0.0,3,80.0199
724,724,724,724,724,129.92,0.2,5,21.112
725,725,725,725,725,45.584,0.2,7,5.1282
726,726,726,726,726,17.568,0.2,2,6.3684
727,727,727,727,727,55.992,0.2,1,5.5992
728,728,728,728,728,182.72,0.0,8,84.0512
729,729,729,729,729,400.032,0.4,2,-153.3456
730,730,730,730,730,33.63,0.0,3,10.089
731,731,731,731,731,542.646,0.1,3,102.4998
732,732,732,732,732,6.3,0.0,2,3.024
733,733,733,733,733,242.94,0.0,3,9.7176
734,734,734,734,734,179.97,0.0,3,86.3856
735,735,735,735,735,99.696,0.2,6,33.6474
736,736,736,736,736,27.936,0.2,4,9.4284
737,737,737,737,737,84.98,0.0,1,18.6956
738,738,738,738,738,18.72,0.2,5,6.552
739,739,739,739,739,49.98,0.0,2,8.4966
740,740,740,740,740,11.784,0.2,3,4.2717
741,741,741,741,741,272.736,0.2,3,-64.7748
742,742,742,742,742,3.54,0.8,2,-5.487
743,743,743,743,743,51.52,0.2,5,-10.948
744,744,744,744,744,3.528,0.2,1,1.1466
745,745,745,745,745,4.624,0.2,1,1.6762
746,746,746,746,746,55.168,0.2,4,6.2064
747,747,747,747,747,567.12,0.2,10,-28.356
748,748,748,748,748,359.32,0.0,4,7.1864
749,749,749,749,749,11.992,0.2,1,0.8994
750,750,750,750,750,58.05,0.0,3,26.703
751,751,751,751,751,157.74,0.0,11,56.7864
752,752,752,752,752,56.98,0.0,7,22.792
753,753,753,753,753,2.88,0.0,1,1.4112
754,754,754,754,754,1199.976,0.2,3,374.9925
755,755,755,755,755,79.92,0.0,4,28.7712
756,756,756,756,756,383.438,0.45,4,-167.3184
757,757,757,757,757,24.56,0.0,2,6.8768
758,758,758,758,758,119.8,0.0,4,47.92
759,759,759,759,759,13.128,0.2,3,4.2666
760,760,760,760,760,22.72,0.0,4,10.224
761,761,761,761,761,58.32,0.0,9,27.9936
762,762,762,762,762,12.39,0.0,3,5.6994
763,763,763,763,763,107.982,0.4,3,-26.9955
764,764,764,764,764,11.36,0.0,2,5.3392
765,765,765,765,765,50.94,0.0,3,25.47
766,766,766,766,766,646.74,0.0,6,258.696
767,767,767,767,767,5.64,0.0,3,2.7072
768,768,768,768,768,572.58,0.0,6,34.3548
769,769,769,769,769,310.88,0.2,2,23.316
770,770,770,770,770,641.96,0.0,2,179.7488
771,771,771,771,771,18.28,0.0,2,9.14
772,772,772,772,772,207.0,0.0,3,51.75
773,773,773,773,773,32.35,0.0,5,16.175
774,774,774,774,774,7.71,0.0,1,3.4695
775,775,775,775,775,40.3,0.0,2,10.881
776,776,776,776,776,34.58,0.0,7,14.5236
777,777,777,777,777,32.76,0.2,7,3.6855
778,778,778,778,778,544.008,0.2,3,40.8006
779,779,779,779,779,59.94,0.0,3,28.1718
780,780,780,780,780,23.92,0.0,4,11.7208
781,781,781,781,781,4.28,0.0,1,1.926
782,782,782,782,782,32.07,0.7,5,-22.449
783,783,783,783,783,24.0,0.2,2,-2.7
784,784,784,784,784,35.49,0.5,1,-15.6156
785,785,785,785,785,47.984,0.2,2,0.5998
786,786,786,786,786,186.69,0.0,3,87.7443
787,787,787,787,787,17.456,0.2,2,5.8914
788,788,788,788,788,348.928,0.2,2,34.8928
789,789,789,789,789,143.96,0.0,4,69.1008
790,790,790,790,790,15.42,0.0,1,4.1634
791,791,791,791,791,43.04,0.0,8,21.0896
792,792,792,792,792,332.94,0.0,3,79.9056
793,793,793,793,793,1363.96,0.2,5,85.2475
794,794,794,794,794,9.96,0.0,2,4.5816
795,795,795,795,795,21.72,0.0,4,10.6428
796,796,796,796,796,20.16,0.0,7,9.8784
797,797,797,797,797,132.79,0.0,7,63.7392
798,798,798,798,798,12.96,0.0,2,6.2208
799,799,799,799,799,21.56,0.0,7,10.3488
800,800,800,800,800,283.92,0.2,5,17.745
801,801,801,801,801,22.23,0.0,1,7.3359
802,802,802,802,802,215.968,0.2,2,18.8972
803,803,803,803,803,355.32,0.0,9,99.4896
804,804,804,804,804,12.96,0.0,2,6.2208
805,805,805,805,805,18.28,0.0,2,6.2152
806,806,806,806,806,43.176,0.2,3,4.3176
807,807,807,807,807,1983.968,0.2,4,247.996
808,808,808,808,808,28.4,0.0,2,11.076
809,809,809,809,809,149.97,0.0,3,50.9898
810,810,810,810,810,11.52,0.0,4,3.2256
811,811,811,811,811,1298.55,0.0,5,311.652
812,812,812,812,812,213.92,0.0,4,62.0368
813,813,813,813,813,25.78,0.0,2,2.578
814,814,814,814,814,18.28,0.0,2,6.2152
815,815,815,815,815,1399.93,0.0,7,601.9699
816,816,816,816,816,51.84,0.0,8,24.8832
817,817,817,817,817,5.344,0.2,1,1.8704
818,818,818,818,818,41.472,0.2,8,14.5152
819,819,819,819,819,3.168,0.7,3,-2.4288
820,820,820,820,820,1228.465,0.3,5,0.0
821,821,821,821,821,31.086,0.7,3,-22.7964
822,822,822,822,822,335.52,0.2,4,117.432
823,823,823,823,823,239.97,0.0,3,71.991
824,824,824,824,824,9.82,0.0,2,4.8118
825,825,825,825,825,67.8,0.0,4,4.068
826,826,826,826,826,167.97,0.0,3,40.3128
827,827,827,827,827,35.0,0.0,7,16.8
828,828,828,828,828,37.24,0.0,4,10.7996
829,829,829,829,829,15.28,0.0,2,7.4872
830,830,830,830,830,301.96,0.0,2,90.588
831,831,831,831,831,180.66,0.0,3,50.5848
832,832,832,832,832,191.98,0.0,2,51.8346
833,833,833,833,833,65.99,0.0,1,17.1574
834,834,834,834,834,35.216,0.2,2,2.6412
835,835,835,835,835,23.696,0.2,2,6.5164
836,836,836,836,836,265.475,0.5,1,-111.4995
837,837,837,837,837,51.184,0.8,4,-79.3352
838,838,838,838,838,9.664,0.2,2,3.2616
839,839,839,839,839,21.072,0.2,3,1.5804
840,840,840,840,840,60.45,0.0,3,16.3215
841,841,841,841,841,11.52,0.0,4,3.3408
842,842,842,842,842,186.048,0.2,4,9.3024
843,843,843,843,843,37.44,0.2,4,11.7
844,844,844,844,844,26.976,0.2,4,8.7672
845,845,845,845,845,11.36,0.0,2,3.2944
846,846,846,846,846,14.62,0.0,2,6.8714
847,847,847,847,847,83.72,0.0,7,23.4416
848,848,848,848,848,287.94,0.0,3,77.7438
849,849,849,849,849,48.896,0.2,4,8.5568
850,850,850,850,850,115.36,0.0,7,49.6048
851,851,851,851,851,5.16,0.0,2,1.3416
852,852,852,852,852,38.88,0.0,6,18.6624
853,853,853,853,853,185.88,0.0,6,50.1876
854,854,854,854,854,44.46,0.0,2,14.6718
855,855,855,855,855,242.94,0.0,3,9.7176
856,856,856,856,856,39.96,0.0,2,18.7812
857,857,857,857,857,102.3,0.0,10,26.598
858,858,858,858,858,21.36,0.0,2,5.7672
859,859,859,859,859,7.61,0.0,1,3.5767
860,860,860,860,860,7.16,0.0,2,3.58
861,861,861,861,861,7.36,0.0,2,0.1472
862,862,862,862,862,23.1,0.0,2,10.626
863,863,863,863,863,191.472,0.2,6,40.6878
864,864,864,864,864,5.248,0.2,2,0.5904
865,865,865,865,865,59.184,0.2,2,5.1786
866,866,866,866,866,2.89,0.0,1,1.3583
867,867,867,867,867,51.94,0.0,1,21.2954
868,868,868,868,868,15.936,0.2,4,5.1792
869,869,869,869,869,44.91,0.7,6,-35.928
870,870,870,870,870,1141.47,0.7,5,-760.98
871,871,871,871,871,280.782,0.4,3,-46.797
872,872,872,872,872,34.44,0.0,3,17.22
873,873,873,873,873,11.36,0.0,2,5.2256
874,874,874,874,874,106.344,0.2,7,37.2204
875,875,875,875,875,192.16,0.2,5,67.256
876,876,876,876,876,322.59,0.0,3,64.518
877,877,877,877,877,29.99,0.0,1,13.1956
878,878,878,878,878,371.97,0.0,3,66.9546
879,879,879,879,879,5.892,0.7,4,-4.1244
880,880,880,880,880,68.472,0.2,3,23.1093
881,881,881,881,881,1242.9,0.1,5,262.39
882,882,882,882,882,30.84,0.0,2,8.3268
883,883,883,883,883,13.48,0.0,4,5.9312
884,884,884,884,884,31.4,0.0,5,10.048
885,885,885,885,885,17.46,0.0,2,5.9364
886,886,886,886,886,13.944,0.2,3,4.5318
887,887,887,887,887,83.76,0.0,12,1.6752
888,888,888,888,888,37.66,0.0,7,18.4534
889,889,889,889,889,34.68,0.0,6,16.9932
890,890,890,890,890,149.95,0.0,5,14.995
891,891,891,891,891,51.312,0.2,3,18.6006
892,892,892,892,892,4.54,0.0,1,2.043
893,893,893,893,893,15.92,0.0,4,5.4128
894,894,894,894,894,543.92,0.0,8,135.98
895,895,895,895,895,155.82,0.0,7,42.0714
896,896,896,896,896,70.008,0.2,3,24.5028
897,897,897,897,897,15.648,0.2,2,5.0856
898,898,898,898,898,103.6,0.0,7,51.8
899,899,899,899,899,46.96,0.0,8,22.5408
900,900,900,900,900,8.904,0.7,2,-6.5296
901,901,901,901,901,10.44,0.2,5,3.393
902,902,902,902,902,18.336,0.8,4,-32.088
903,903,903,903,903,323.976,0.2,3,20.2485
904,904,904,904,904,20.04,0.0,3,9.6192
905,905,905,905,905,64.96,0.0,2,2.5984
906,906,906,906,906,12.96,0.0,2,6.2208
907,907,907,907,907,323.136,0.2,4,12.1176
908,908,908,908,908,90.93,0.0,7,2.7279
909,909,909,909,909,52.776,0.2,3,19.791
910,910,910,910,910,1199.8,0.0,4,323.946
911,911,911,911,911,1928.78,0.0,7,829.3754
912,912,912,912,912,352.38,0.0,2,81.0474
913,913,913,913,913,22.2,0.0,6,9.102
914,914,914,914,914,46.94,0.0,1,19.2454
915,915,915,915,915,143.73,0.0,9,56.0547
916,916,916,916,916,99.918,0.3,2,-18.5562
917,917,917,917,917,797.944,0.3,4,-56.996
918,918,918,918,918,8.568,0.8,3,-14.5656
919,919,919,919,919,149.352,0.2,3,50.4063
920,920,920,920,920,12.992,0.2,1,-0.812
921,921,921,921,921,24.56,0.0,2,6.8768
922,922,922,922,922,85.14,0.0,3,34.9074
923,923,923,923,923,21.99,0.0,1,10.5552
924,924,924,924,924,406.6,0.0,5,113.848
925,925,925,925,925,841.568,0.2,2,294.5488
926,926,926,926,926,15.552,0.2,3,5.4432
927,927,927,927,927,252.0,0.2,5,53.55
928,928,928,928,928,46.2,0.0,4,12.936
929,929,929,929,929,28.84,0.0,2,9.5172
930,930,930,930,930,14.592,0.2,3,2.5536
931,931,931,931,931,89.856,0.2,3,21.3408
932,932,932,932,932,13.872,0.2,3,5.0286
933,933,933,933,933,12.192,0.2,3,4.1148
934,934,934,934,934,45.056,0.2,8,15.2064
935,935,935,935,935,29.718,0.7,6,-21.7932
936,936,936,936,936,15.552,0.2,3,5.4432
937,937,937,937,937,447.696,0.2,2,33.5772
938,938,938,938,938,159.99,0.0,1,54.3966
939,939,939,939,939,12.96,0.0,2,6.2208
940,940,940,940,940,134.48,0.0,4,34.9648
941,941,941,941,941,17.12,0.0,2,8.0464
942,942,942,942,942,6.096,0.2,2,2.2098
943,943,943,943,943,1114.272,0.2,4,41.7852
944,944,944,944,944,32.4,0.0,5,15.552
945,945,945,945,945,540.57,0.0,3,140.5482
946,946,946,946,946,167.76,0.2,5,62.91
947,947,947,947,947,393.165,0.5,3,-204.4458
948,948,948,948,948,516.488,0.2,7,-12.9122
949,949,949,949,949,1007.232,0.2,6,75.5424
950,950,950,950,950,2065.32,0.4,12,-619.596
951,951,951,951,951,15.552,0.2,3,5.4432
952,952,952,952,952,25.344,0.2,6,7.92
953,953,953,953,953,25.472,0.2,4,7.6416
954,954,954,954,954,27.168,0.2,2,2.7168
955,955,955,955,955,78.8528,0.32,2,-11.596
956,956,956,956,956,173.8,0.0,5,43.45
957,957,957,957,957,29.592,0.2,1,2.5893
958,958,958,958,958,4.752,0.7,2,-3.168
959,959,959,959,959,15.552,0.2,3,5.6376
960,960,960,960,960,204.6,0.0,2,53.196
961,961,961,961,961,321.568,0.2,2,28.1372
962,962,962,962,962,6.24,0.0,2,3.0576
963,963,963,963,963,21.88,0.0,2,10.94
964,964,964,964,964,4.608,0.2,2,1.6704
965,965,965,965,965,9.82,0.0,2,4.8118
966,966,966,966,966,35.97,0.0,3,9.7119
967,967,967,967,967,12.96,0.0,2,6.2208
968,968,968,968,968,191.6,0.0,4,91.968
969,969,969,969,969,8.64,0.0,3,4.2336
970,970,970,970,970,501.81,0.0,3,0.0
971,971,971,971,971,127.104,0.2,6,28.5984
972,972,972,972,972,124.2,0.4,3,-31.05
973,973,973,973,973,18.588,0.7,2,-13.6312
974,974,974,974,974,30.072,0.2,3,10.1493
975,975,975,975,975,160.93,0.0,7,3.2186
976,976,976,976,976,75.792,0.2,3,25.5798
977,977,977,977,977,1.08,0.7,2,-0.792
978,978,978,978,978,3059.982,0.1,2,679.996
979,979,979,979,979,3.282,0.7,2,-2.6256
980,980,980,980,980,34.02,0.0,3,16.6698
981,981,981,981,981,599.292,0.1,6,93.2232
982,982,982,982,982,3.392,0.2,1,0.8056
983,983,983,983,983,559.984,0.2,2,55.9984
984,984,984,984,984,603.92,0.2,5,75.49
985,985,985,985,985,7.968,0.2,2,2.5896
986,986,986,986,986,27.968,0.2,4,9.4392
987,987,987,987,987,336.51,0.4,3,44.868
988,988,988,988,988,1.112,0.8,2,-1.8904
989,989,989,989,989,520.05,0.0,5,72.807
990,990,990,990,990,17.97,0.0,3,5.2113
991,991,991,991,991,1166.92,0.2,5,131.2785
992,992,992,992,992,14.624,0.2,2,5.484
993,993,993,993,993,10.23,0.0,3,4.9104
994,994,994,994,994,154.9,0.0,5,69.705
995,995,995,995,995,2715.93,0.0,7,1276.4871
996,996,996,996,996,617.97,0.0,3,173.0316
997,997,997,997,997,10.67,0.0,1,4.9082
998,998,998,998,998,36.63,0.0,3,9.8901
999,999,999,999,999,24.1,0.0,5,9.158
1000,1000,1000,1000,1000,33.11,0.0,7,12.9129
1001,1001,1001,1001,1001,44.02,0.0,2,11.4452
1002,1002,1002,1002,1002,2309.65,0.0,7,762.1845
1003,1003,1003,1003,1003,1090.782,0.4,7,-290.8752
1004,1004,1004,1004,1004,19.44,0.0,3,9.3312
1005,1005,1005,1005,1005,484.65,0.0,3,92.0835
1006,1006,1006,1006,1006,115.296,0.2,3,40.3536
1007,1007,1007,1007,1007,7.08,0.2,3,2.478
1008,1008,1008,1008,1008,4.401,0.7,3,-3.5208
1009,1009,1009,1009,1009,44.75,0.0,5,20.585
1010,1010,1010,1010,1010,95.984,0.2,2,5.999
1011,1011,1011,1011,1011,151.72,0.0,4,27.3096
1012,1012,1012,1012,1012,155.25,0.0,3,46.575
1013,1013,1013,1013,1013,14.03,0.0,1,4.0687
1014,1014,1014,1014,1014,1618.37,0.0,13,356.0414
1015,1015,1015,1015,1015,99.6,0.0,1,36.852
1016,1016,1016,1016,1016,32.4,0.0,5,15.552
1017,1017,1017,1017,1017,13.96,0.0,2,6.7008
1018,1018,1018,1018,1018,155.82,0.0,3,63.8862
1019,1019,1019,1019,1019,124.95,0.0,5,2.499
1020,1020,1020,1020,1020,601.65,0.0,5,156.429
1021,1021,1021,1021,1021,22.74,0.0,3,8.8686
1022,1022,1022,1022,1022,1267.53,0.0,3,316.8825
1023,1023,1023,1023,1023,1379.92,0.0,8,648.5624
1024,1024,1024,1024,1024,6.208,0.2,2,2.1728
1025,1025,1025,1025,1025,11.808,0.2,2,4.2804
1026,1026,1026,1026,1026,15.552,0.2,3,5.4432
1027,1027,1027,1027,1027,63.312,0.2,3,20.5764
1028,1028,1028,1028,1028,15.588,0.4,2,-9.8724
1029,1029,1029,1029,1029,177.2,0.0,5,83.284
1030,1030,1030,1030,1030,197.97,0.0,3,57.4113
1031,1031,1031,1031,1031,854.94,0.0,3,213.735
1032,1032,1032,1032,1032,124.11,0.0,9,52.1262
1033,1033,1033,1033,1033,14.4,0.0,5,7.056
1034,1034,1034,1034,1034,15.696,0.2,3,5.1012
1035,1035,1035,1035,1035,2.628,0.7,2,-1.9272
1036,1036,1036,1036,1036,14.427,0.7,3,-10.5798
1037,1037,1037,1037,1037,86.62,0.0,2,8.662
1038,1038,1038,1038,1038,36.624,0.2,3,13.734
1039,1039,1039,1039,1039,23.968,0.2,7,2.6964
1040,1040,1040,1040,1040,28.728,0.2,3,1.7955
1041,1041,1041,1041,1041,697.16,0.0,4,146.4036
1042,1042,1042,1042,1042,31.86,0.0,2,11.151
1043,1043,1043,1043,1043,722.352,0.2,3,90.294
1044,1044,1044,1044,1044,8.84,0.2,5,2.9835
1045,1045,1045,1045,1045,58.464,0.8,9,-146.16
1046,1046,1046,1046,1046,254.604,0.3,14,-18.186
1047,1047,1047,1047,1047,1363.96,0.2,5,85.2475
1048,1048,1048,1048,1048,102.36,0.2,3,-3.8385
1049,1049,1049,1049,1049,1113.504,0.2,12,125.2692
1050,1050,1050,1050,1050,99.99,0.0,1,37.9962
1051,1051,1051,1051,1051,168.464,0.2,2,-29.4812
1052,1052,1052,1052,1052,6.72,0.2,2,2.436
1053,1053,1053,1053,1053,282.888,0.2,9,56.5776
1054,1054,1054,1054,1054,11.16,0.0,2,4.3524
1055,1055,1055,1055,1055,108.4,0.0,2,22.764
1056,1056,1056,1056,1056,82.344,0.2,3,27.7911
1057,1057,1057,1057,1057,9.088,0.2,4,3.2944
1058,1058,1058,1058,1058,19.936,0.2,4,7.2268
1059,1059,1059,1059,1059,65.568,0.2,2,22.9488
1060,1060,1060,1060,1060,4.416,0.2,3,1.6008
1061,1061,1061,1061,1061,107.772,0.3,2,-29.2524
1062,1062,1062,1062,1062,45.216,0.2,3,4.5216
1063,1063,1063,1063,1063,10.416,0.2,7,-2.2134
1064,1064,1064,1064,1064,7.872,0.2,3,1.2792
1065,1065,1065,1065,1065,118.782,0.4,3,-27.7158
1066,1066,1066,1066,1066,1.448,0.2,1,0.2353
1067,1067,1067,1067,1067,55.47,0.7,5,-46.225
1068,1068,1068,1068,1068,194.848,0.2,4,12.178
1069,1069,1069,1069,1069,1.744,0.2,1,-0.3488
1070,1070,1070,1070,1070,25.176,0.7,4,-18.4624
1071,1071,1071,1071,1071,19.46,0.0,7,5.0596
1072,1072,1072,1072,1072,29.472,0.2,3,9.9468
1073,1073,1073,1073,1073,8.64,0.2,2,3.024
1074,1074,1074,1074,1074,6.27,0.7,5,-4.598
1075,1075,1075,1075,1075,4.368,0.7,7,-3.3488
1076,1076,1076,1076,1076,31.984,0.2,2,1.999
1077,1077,1077,1077,1077,40.88,0.0,7,10.6288
1078,1078,1078,1078,1078,119.96,0.0,2,33.5888
1079,1079,1079,1079,1079,31.44,0.0,3,8.4888
1080,1080,1080,1080,1080,6.88,0.2,1,2.322
1081,1081,1081,1081,1081,19.92,0.0,4,9.3624
1082,1082,1082,1082,1082,1106.91,0.0,9,121.7601
1083,1083,1083,1083,1083,836.592,0.4,8,-264.9208
1084,1084,1084,1084,1084,26.38,0.0,1,12.1348
1085,1085,1085,1085,1085,362.92,0.0,2,105.2468
1086,1086,1086,1086,1086,4899.93,0.0,7,2400.9657
1087,1087,1087,1087,1087,6.48,0.0,1,3.1104
1088,1088,1088,1088,1088,71.976,0.2,3,7.1976
1089,1089,1089,1089,1089,3.15,0.0,1,1.512
1090,1090,1090,1090,1090,31.984,0.2,2,1.999
1091,1091,1091,1091,1091,71.984,0.2,2,25.1944
1092,1092,1092,1092,1092,120.15,0.0,9,33.642
1093,1093,1093,1093,1093,219.184,0.2,2,19.1786
1094,1094,1094,1094,1094,28.9,0.0,5,14.161
1095,1095,1095,1095,1095,355.96,0.0,2,103.2284
1096,1096,1096,1096,1096,348.208,0.2,7,30.4682
1097,1097,1097,1097,1097,35.784,0.7,7,-28.6272
1098,1098,1098,1098,1098,447.84,0.2,5,11.196
1099,1099,1099,1099,1099,7.04,0.0,4,2.0416
1100,1100,1100,1100,1100,8.73,0.0,3,4.1031
1101,1101,1101,1101,1101,29.29,0.0,1,9.6657
1102,1102,1102,1102,1102,8.64,0.0,3,2.5056
1103,1103,1103,1103,1103,2.694,0.8,3,-4.7145
1104,1104,1104,1104,1104,2.934,0.8,3,-4.9878
1105,1105,1105,1105,1105,22.92,0.0,3,11.2308
1106,1106,1106,1106,1106,100.704,0.2,6,-16.3644
1107,1107,1107,1107,1107,2.328,0.6,2,-0.7566
1108,1108,1108,1108,1108,10.78,0.8,5,-17.248
1109,1109,1109,1109,1109,58.368,0.2,12,21.888
1110,1110,1110,1110,1110,40.968,0.2,3,13.8267
1111,1111,1111,1111,1111,71.96,0.2,5,25.186
1112,1112,1112,1112,1112,10.368,0.2,2,3.6288
1113,1113,1113,1113,1113,1.192,0.8,2,-2.0264
1114,1114,1114,1114,1114,46.672,0.2,2,16.3352
1115,1115,1115,1115,1115,119.833,0.15,1,-12.6882
1116,1116,1116,1116,1116,119.98,0.0,2,57.5904
1117,1117,1117,1117,1117,6.3,0.0,2,3.024
1118,1118,1118,1118,1118,279.9,0.0,5,137.151
1119,1119,1119,1119,1119,619.95,0.0,5,111.591
1120,1120,1120,1120,1120,4.36,0.0,2,2.0492
1121,1121,1121,1121,1121,15.28,0.0,2,7.4872
1122,1122,1122,1122,1122,699.93,0.0,7,181.9818
1123,1123,1123,1123,1123,22.96,0.0,7,6.6584
1124,1124,1124,1124,1124,38.6,0.0,4,11.58
1125,1125,1125,1125,1125,6.63,0.0,3,1.7901
1126,1126,1126,1126,1126,23.34,0.0,3,10.9698
1127,1127,1127,1127,1127,1067.94,0.0,3,224.2674
1128,1128,1128,1128,1128,10.16,0.0,1,2.6416
1129,1129,1129,1129,1129,101.88,0.0,6,50.94
1130,1130,1130,1130,1130,343.92,0.0,4,75.6624
1131,1131,1131,1131,1131,40.99,0.0,1,20.0851
1132,1132,1132,1132,1132,63.9,0.0,5,28.755
1133,1133,1133,1133,1133,19.44,0.0,3,9.3312
1134,1134,1134,1134,1134,124.608,0.2,4,-23.364
1135,1135,1135,1135,1135,7.56,0.2,3,2.646
1136,1136,1136,1136,1136,85.224,0.2,3,7.4571
1137,1137,1137,1137,1137,287.52,0.0,8,129.384
1138,1138,1138,1138,1138,37.68,0.0,2,10.5504
1139,1139,1139,1139,1139,19.98,0.0,2,8.991
1140,1140,1140,1140,1140,20.58,0.0,7,5.5566
1141,1141,1141,1141,1141,17.38,0.0,2,8.69
1142,1142,1142,1142,1142,204.6,0.0,2,53.196
1143,1143,1143,1143,1143,8.72,0.0,4,2.8776
1144,1144,1144,1144,1144,6.48,0.0,1,3.1104
1145,1145,1145,1145,1145,686.32,0.2,2,223.054
1146,1146,1146,1146,1146,62.18,0.0,1,16.7886
1147,1147,1147,1147,1147,644.076,0.1,2,107.346
1148,1148,1148,1148,1148,5.84,0.0,2,2.628
1149,1149,1149,1149,1149,12.76,0.0,2,5.8696
1150,1150,1150,1150,1150,10.95,0.0,1,0.438
1151,1151,1151,1151,1151,599.98,0.0,2,209.993
1152,1152,1152,1152,1152,8.352,0.2,6,1.2528
1153,1153,1153,1153,1153,3.64,0.0,2,1.638
1154,1154,1154,1154,1154,159.768,0.2,7,53.9217
1155,1155,1155,1155,1155,122.48,0.0,2,0.0
1156,1156,1156,1156,1156,2244.48,0.0,7,493.7856
1157,1157,1157,1157,1157,62.31,0.0,3,29.2857
1158,1158,1158,1158,1158,455.1,0.0,2,100.122
1159,1159,1159,1159,1159,195.184,0.2,1,19.5184
1160,1160,1160,1160,1160,362.94,0.0,3,90.735
1161,1161,1161,1161,1161,11.54,0.0,2,5.77
1162,1162,1162,1162,1162,53.94,0.0,3,15.6426
1163,1163,1163,1163,1163,9.99,0.0,1,4.5954
1164,1164,1164,1164,1164,125.76,0.2,3,40.872
1165,1165,1165,1165,1165,25.32,0.2,5,9.1785
1166,1166,1166,1166,1166,46.8,0.0,4,21.06
1167,1167,1167,1167,1167,447.93,0.0,9,49.2723
1168,1168,1168,1168,1168,109.48,0.0,2,33.9388
1169,1169,1169,1169,1169,272.94,0.0,3,0.0
1170,1170,1170,1170,1170,19.44,0.0,3,9.3312
1171,1171,1171,1171,1171,31.92,0.0,4,8.2992
1172,1172,1172,1172,1172,22.38,0.0,2,10.7424
1173,1173,1173,1173,1173,16.52,0.2,5,5.5755
1174,1174,1174,1174,1174,5.176,0.8,4,-7.764
1175,1175,1175,1175,1175,50.112,0.2,6,16.2864
1176,1176,1176,1176,1176,27.93,0.0,3,8.0997
1177,1177,1177,1177,1177,11.56,0.0,4,5.4332
1178,1178,1178,1178,1178,172.5,0.0,2,51.75
1179,1179,1179,1179,1179,179.97,0.0,3,44.9925
1180,1180,1180,1180,1180,258.696,0.2,3,64.674
1181,1181,1181,1181,1181,1322.93,0.0,7,357.1911
1182,1182,1182,1182,1182,3.76,0.0,2,1.0904
1183,1183,1183,1183,1183,21.744,0.2,1,7.3386
1184,1184,1184,1184,1184,7.92,0.2,5,0.693
1185,1185,1185,1185,1185,12.096,0.2,7,4.2336
1186,1186,1186,1186,1186,485.88,0.0,6,9.7176
1187,1187,1187,1187,1187,25.92,0.0,4,12.4416
1188,1188,1188,1188,1188,197.58,0.0,2,53.3466
1189,1189,1189,1189,1189,81.92,0.0,4,22.1184
1190,1190,1190,1190,1190,889.536,0.2,8,66.7152
1191,1191,1191,1191,1191,892.224,0.2,3,89.2224
1192,1192,1192,1192,1192,223.92,0.0,4,109.7208
1193,1193,1193,1193,1193,23.12,0.0,4,11.3288
1194,1194,1194,1194,1194,15.552,0.2,3,5.4432
1195,1195,1195,1195,1195,15.712,0.2,4,2.5532
1196,1196,1196,1196,1196,24.672,0.2,2,2.1588
1197,1197,1197,1197,1197,55.968,0.2,1,-2.0988
1198,1198,1198,1198,1198,431.928,0.2,9,64.7892
1199,1199,1199,1199,1199,95.984,0.3,4,-4.1136
1200,1200,1200,1200,1200,1088.792,0.8,4,-1850.9464
1201,1201,1201,1201,1201,544.008,0.2,3,40.8006
1202,1202,1202,1202,1202,1.872,0.7,3,-1.4352
1203,1203,1203,1203,1203,854.352,0.2,3,10.6794
1204,1204,1204,1204,1204,593.568,0.2,2,0.0
1205,1205,1205,1205,1205,338.04,0.2,3,-33.804
1206,1206,1206,1206,1206,271.96,0.2,5,16.9975
1207,1207,1207,1207,1207,11.21,0.0,1,3.363
1208,1208,1208,1208,1208,9.144,0.2,3,3.2004
1209,1209,1209,1209,1209,14.07,0.0,7,6.8943
1210,1210,1210,1210,1210,41.86,0.0,7,10.465
1211,1211,1211,1211,1211,8.544,0.2,2,2.8836
1212,1212,1212,1212,1212,579.136,0.2,4,21.7176
1213,1213,1213,1213,1213,141.372,0.3,2,-48.4704
1214,1214,1214,1214,1214,3.036,0.7,2,-2.3276
1215,1215,1215,1215,1215,4.503,0.7,1,-3.6024
1216,1216,1216,1216,1216,4.672,0.2,1,1.5768
1217,1217,1217,1217,1217,95.88,0.2,3,28.764
1218,1218,1218,1218,1218,17.024,0.2,2,1.7024
1219,1219,1219,1219,1219,258.696,0.2,3,64.674
1220,1220,1220,1220,1220,1931.958,0.4,7,-386.3916
1221,1221,1221,1221,1221,249.75,0.0,9,44.955
1222,1222,1222,1222,1222,255.936,0.2,8,28.7928
1223,1223,1223,1223,1223,113.79,0.0,3,20.4822
1224,1224,1224,1224,1224,78.15,0.0,1,34.386
1225,1225,1225,1225,1225,1.728,0.2,1,0.6048
1226,1226,1226,1226,1226,40.56,0.0,4,19.8744
1227,1227,1227,1227,1227,182.94,0.0,3,3.6588
1228,1228,1228,1228,1228,193.86,0.0,2,11.6316
1229,1229,1229,1229,1229,15.28,0.0,2,7.4872
1230,1230,1230,1230,1230,8.73,0.0,1,2.9682
1231,1231,1231,1231,1231,5.68,0.0,2,1.7608
1232,1232,1232,1232,1232,2.78,0.0,2,0.7228
1233,1233,1233,1233,1233,79.96,0.0,2,35.982
1234,1234,1234,1234,1234,839.988,0.4,2,69.999
1235,1235,1235,1235,1235,47.952,0.2,3,13.7862
1236,1236,1236,1236,1236,37.425,0.7,5,-29.94
1237,1237,1237,1237,1237,63.968,0.2,2,0.0
1238,1238,1238,1238,1238,165.048,0.2,3,41.262
1239,1239,1239,1239,1239,12.35,0.0,1,5.434
1240,1240,1240,1240,1240,40.97,0.0,1,10.6522
1241,1241,1241,1241,1241,22.96,0.0,2,10.7912
1242,1242,1242,1242,1242,22.0,0.0,4,5.5
1243,1243,1243,1243,1243,398.352,0.2,3,124.485
1244,1244,1244,1244,1244,8.72,0.0,4,3.5752
1245,1245,1245,1245,1245,48.69,0.0,9,23.8581
1246,1246,1246,1246,1246,764.688,0.2,6,95.586
1247,1247,1247,1247,1247,3610.848,0.2,12,135.4068
1248,1248,1248,1248,1248,254.9745,0.15,3,11.9988
1249,1249,1249,1249,1249,38.82,0.0,6,17.469
1250,1250,1250,1250,1250,1141.938,0.1,9,139.5702
1251,1251,1251,1251,1251,1704.56,0.0,13,511.368
1252,1252,1252,1252,1252,3.2,0.0,2,1.376
1253,1253,1253,1253,1253,1099.96,0.0,4,285.9896
1254,1254,1254,1254,1254,5.248,0.2,2,0.5904
1255,1255,1255,1255,1255,35.91,0.4,3,-8.379
1256,1256,1256,1256,1256,6.696,0.2,1,0.5022
1257,1257,1257,1257,1257,43.872,0.2,2,11.5164
1258,1258,1258,1258,1258,27.882,0.7,3,-20.4468
1259,1259,1259,1259,1259,540.048,0.2,3,-47.2542
1260,1260,1260,1260,1260,255.68,0.2,8,76.704
1261,1261,1261,1261,1261,863.88,0.2,3,107.985
1262,1262,1262,1262,1262,17.616,0.7,4,-14.0928
1263,1263,1263,1263,1263,17.472,0.2,3,6.3336
1264,1264,1264,1264,1264,69.9,0.0,2,18.873
1265,1265,1265,1265,1265,41.85,0.0,5,10.881
1266,1266,1266,1266,1266,6.57,0.0,3,1.7739
1267,1267,1267,1267,1267,142.86,0.0,1,41.4294
1268,1268,1268,1268,1268,292.272,0.2,6,18.267
1269,1269,1269,1269,1269,29.328,0.2,3,3.666
1270,1270,1270,1270,1270,12.48,0.0,2,5.616
1271,1271,1271,1271,1271,102.336,0.2,4,-12.792
1272,1272,1272,1272,1272,48.792,0.8,3,-126.8592
1273,1273,1273,1273,1273,44.848,0.8,8,-67.272
1274,1274,1274,1274,1274,10.368,0.2,2,3.6288
1275,1275,1275,1275,1275,388.43,0.3,5,-88.784
1276,1276,1276,1276,1276,14.352,0.2,3,5.2026
1277,1277,1277,1277,1277,63.992,0.2,1,-7.1991
1278,1278,1278,1278,1278,86.352,0.2,3,5.397
1279,1279,1279,1279,1279,32.97,0.0,3,12.8583
1280,1280,1280,1280,1280,83.88,0.0,4,30.1968
1281,1281,1281,1281,1281,278.4,0.0,3,80.736
1282,1282,1282,1282,1282,15.12,0.2,3,4.914
1283,1283,1283,1283,1283,17.43,0.7,1,-13.363
1284,1284,1284,1284,1284,251.64,0.2,3,88.074
1285,1285,1285,1285,1285,2.772,0.8,7,-4.851
1286,1286,1286,1286,1286,14.9,0.0,5,1.043
1287,1287,1287,1287,1287,15.48,0.0,3,4.4892
1288,1288,1288,1288,1288,39.88,0.0,2,11.1664
1289,1289,1289,1289,1289,12.192,0.2,4,4.1148
1290,1290,1290,1290,1290,20.82,0.0,3,7.4952
1291,1291,1291,1291,1291,13.216,0.2,4,4.4604
1292,1292,1292,1292,1292,32.4,0.0,5,15.552
1293,1293,1293,1293,1293,32.94,0.0,3,9.2232
1294,1294,1294,1294,1294,114.2,0.0,5,52.532
1295,1295,1295,1295,1295,3.08,0.0,1,1.4784
1296,1296,1296,1296,1296,845.728,0.2,13,84.5728
1297,1297,1297,1297,1297,13.904,0.2,2,4.5188
1298,1298,1298,1298,1298,20.72,0.2,2,6.475
1299,1299,1299,1299,1299,114.95,0.0,5,2.299
1300,1300,1300,1300,1300,26.96,0.0,2,7.0096
1301,1301,1301,1301,1301,572.76,0.0,6,166.1004
1302,1302,1302,1302,1302,286.38,0.0,3,83.0502
1303,1303,1303,1303,1303,61.96,0.0,2,4.3372
1304,1304,1304,1304,1304,23.99,0.0,1,5.5177
1305,1305,1305,1305,1305,287.97,0.0,3,77.7519
1306,1306,1306,1306,1306,419.944,0.2,7,52.493
1307,1307,1307,1307,1307,46.76,0.0,7,22.4448
1308,1308,1308,1308,1308,17.712,0.2,3,6.4206
1309,1309,1309,1309,1309,21.78,0.0,2,5.6628
1310,1310,1310,1310,1310,161.94,0.0,3,9.7164
1311,1311,1311,1311,1311,161.568,0.2,2,-8.0784
1312,1312,1312,1312,1312,3.69,0.0,1,1.7343
1313,1313,1313,1313,1313,122.12,0.0,4,56.1752
1314,1314,1314,1314,1314,155.372,0.3,2,-13.3176
1315,1315,1315,1315,1315,38.88,0.0,6,18.6624
1316,1316,1316,1316,1316,183.84,0.0,8,62.5056
1317,1317,1317,1317,1317,579.3,0.0,5,28.965
1318,1318,1318,1318,1318,14.2,0.2,1,3.3725
1319,1319,1319,1319,1319,575.92,0.2,2,71.99
1320,1320,1320,1320,1320,5.184,0.7,6,-3.6288
1321,1321,1321,1321,1321,5.229,0.7,3,-4.1832
1322,1322,1322,1322,1322,285.552,0.2,2,35.694
1323,1323,1323,1323,1323,72.8,0.0,5,19.656
1324,1324,1324,1324,1324,10.816,0.2,4,3.5152
1325,1325,1325,1325,1325,46.26,0.0,3,12.4902
1326,1326,1326,1326,1326,17.46,0.8,6,-30.555
1327,1327,1327,1327,1327,51.072,0.2,6,5.1072
1328,1328,1328,1328,1328,11.34,0.0,1,5.5566
1329,1329,1329,1329,1329,87.92,0.0,4,26.376
1330,1330,1330,1330,1330,37.05,0.0,3,16.302
1331,1331,1331,1331,1331,2.97,0.4,1,-0.6435
1332,1332,1332,1332,1332,27.44,0.2,2,2.401
1333,1333,1333,1333,1333,1.08,0.8,3,-1.728
1334,1334,1334,1334,1334,7.96,0.8,2,-13.93
1335,1335,1335,1335,1335,140.736,0.2,8,52.776
1336,1336,1336,1336,1336,552.56,0.0,4,0.0
1337,1337,1337,1337,1337,25.11,0.0,3,6.5286
1338,1338,1338,1338,1338,29.78,0.0,2,8.0406
1339,1339,1339,1339,1339,677.58,0.0,3,176.1708
1340,1340,1340,1340,1340,75.04,0.0,8,36.0192
1341,1341,1341,1341,1341,695.7,0.5,2,-27.828
1342,1342,1342,1342,1342,15.66,0.7,5,-12.528
1343,1343,1343,1343,1343,28.854,0.7,6,-21.1596
1344,1344,1344,1344,1344,47.82,0.0,3,14.346
1345,1345,1345,1345,1345,13.05,0.0,5,6.003
1346,1346,1346,1346,1346,93.78,0.0,2,36.5742
1347,1347,1347,1347,1347,47.18,0.0,7,23.59
1348,1348,1348,1348,1348,19.68,0.0,6,5.7072
1349,1349,1349,1349,1349,53.4,0.0,10,25.098
1350,1350,1350,1350,1350,35.88,0.0,6,17.2224
1351,1351,1351,1351,1351,258.279,0.3,3,-70.1043
1352,1352,1352,1352,1352,31.4,0.0,2,7.85
1353,1353,1353,1353,1353,183.96,0.2,5,20.6955
1354,1354,1354,1354,1354,17.61,0.0,3,8.4528
1355,1355,1355,1355,1355,300.904,0.2,1,11.2839
1356,1356,1356,1356,1356,220.776,0.2,3,-44.1552
1357,1357,1357,1357,1357,281.424,0.2,11,-35.178
1358,1358,1358,1358,1358,79.14,0.0,3,36.4044
1359,1359,1359,1359,1359,1.988,0.6,1,-1.4413
1360,1360,1360,1360,1360,145.568,0.2,2,0.0
1361,1361,1361,1361,1361,123.256,0.2,7,9.2442
1362,1362,1362,1362,1362,23.68,0.2,4,7.4
1363,1363,1363,1363,1363,309.576,0.4,4,-56.7556
1364,1364,1364,1364,1364,38.388,0.7,14,-25.592
1365,1365,1365,1365,1365,95.994,0.7,2,-63.996
1366,1366,1366,1366,1366,239.952,0.2,6,-35.9928
1367,1367,1367,1367,1367,201.584,0.2,2,15.1188
1368,1368,1368,1368,1368,899.136,0.2,4,-146.1096
1369,1369,1369,1369,1369,145.9,0.0,5,62.737
1370,1370,1370,1370,1370,590.058,0.7,7,-786.744
1371,1371,1371,1371,1371,14.04,0.2,3,1.5795
1372,1372,1372,1372,1372,49.08,0.0,3,4.908
1373,1373,1373,1373,1373,29.6,0.0,2,14.8
1374,1374,1374,1374,1374,17.088,0.2,4,5.5536
1375,1375,1375,1375,1375,912.75,0.0,5,118.6575
1376,1376,1376,1376,1376,1089.75,0.0,3,305.13
1377,1377,1377,1377,1377,447.84,0.0,8,219.4416
1378,1378,1378,1378,1378,16.4,0.0,5,4.264
1379,1379,1379,1379,1379,399.96,0.2,5,34.9965
1380,1380,1380,1380,1380,158.9,0.0,5,7.945
1381,1381,1381,1381,1381,13.184,0.2,1,4.7792
1382,1382,1382,1382,1382,83.952,0.6,3,-90.2484
1383,1383,1383,1383,1383,80.98,0.0,1,1.6196
1384,1384,1384,1384,1384,348.84,0.0,9,170.9316
1385,1385,1385,1385,1385,9.45,0.0,5,0.189
1386,1386,1386,1386,1386,18.84,0.0,3,7.1592
1387,1387,1387,1387,1387,239.98,0.0,2,52.7956
1388,1388,1388,1388,1388,167.96,0.0,2,78.9412
1389,1389,1389,1389,1389,104.85,0.0,3,28.3095
1390,1390,1390,1390,1390,484.83,0.0,3,126.0558
1391,1391,1391,1391,1391,122.97,0.0,3,60.2553
1392,1392,1392,1392,1392,154.44,0.0,3,1.5444
1393,1393,1393,1393,1393,342.37,0.0,7,160.9139
1394,1394,1394,1394,1394,9.552,0.2,3,1.5522
1395,1395,1395,1395,1395,652.45,0.5,5,-430.617
1396,1396,1396,1396,1396,66.645,0.5,3,-42.6528
1397,1397,1397,1397,1397,17.216,0.2,4,6.0256
1398,1398,1398,1398,1398,11.56,0.0,2,5.6644
1399,1399,1399,1399,1399,88.4,0.0,4,11.492
1400,1400,1400,1400,1400,6.48,0.0,1,3.1104
1401,1401,1401,1401,1401,21.8,0.0,2,6.104
1402,1402,1402,1402,1402,251.79,0.0,3,118.3413
1403,1403,1403,1403,1403,205.176,0.4,2,-58.1332
1404,1404,1404,1404,1404,419.4,0.2,5,146.79
1405,1405,1405,1405,1405,10.304,0.2,1,-2.1896
1406,1406,1406,1406,1406,154.764,0.4,3,-36.1116
1407,1407,1407,1407,1407,116.784,0.2,2,21.897
1408,1408,1408,1408,1408,75.48,0.0,2,19.6248
1409,1409,1409,1409,1409,39.98,0.0,2,9.995
1410,1410,1410,1410,1410,393.165,0.5,3,-204.4458
1411,1411,1411,1411,1411,23.68,0.2,2,8.88
1412,1412,1412,1412,1412,408.006,0.1,2,72.5344
1413,1413,1413,1413,1413,165.28,0.0,4,14.8752
1414,1414,1414,1414,1414,334.768,0.2,7,108.7996
1415,1415,1415,1415,1415,239.97,0.0,3,26.3967
1416,1416,1416,1416,1416,37.74,0.0,3,12.8316
1417,1417,1417,1417,1417,946.344,0.2,7,118.293
1418,1418,1418,1418,1418,151.2,0.2,3,32.13
1419,1419,1419,1419,1419,4.928,0.6,4,-1.4784
1420,1420,1420,1420,1420,86.272,0.2,4,31.2736
1421,1421,1421,1421,1421,72.588,0.7,2,-48.392
1422,1422,1422,1422,1422,60.672,0.2,2,14.4096
1423,1423,1423,1423,1423,77.031,0.7,9,-59.0571
1424,1424,1424,1424,1424,119.904,0.2,6,-1.4988
1425,1425,1425,1425,1425,263.96,0.2,5,23.0965
1426,1426,1426,1426,1426,363.648,0.2,4,-86.3664
1427,1427,1427,1427,1427,9.728,0.2,2,3.2832
1428,1428,1428,1428,1428,14.75,0.0,5,7.08
1429,1429,1429,1429,1429,29.8,0.2,5,9.3125
1430,1430,1430,1430,1430,427.42,0.0,14,196.6132
1431,1431,1431,1431,1431,220.752,0.4,8,-40.4712
1432,1432,1432,1432,1432,152.76,0.0,6,74.8524
1433,1433,1433,1433,1433,7.27,0.0,1,1.9629
1434,1434,1434,1434,1434,1819.86,0.0,14,163.7874
1435,1435,1435,1435,1435,33.9,0.0,5,15.594
1436,1436,1436,1436,1436,31.104,0.2,6,10.8864
1437,1437,1437,1437,1437,5.248,0.2,2,0.5904
1438,1438,1438,1438,1438,263.88,0.2,3,42.8805
1439,1439,1439,1439,1439,2453.43,0.3,5,-350.49
1440,1440,1440,1440,1440,29.7,0.0,5,13.365
1441,1441,1441,1441,1441,39.96,0.0,4,17.982
1442,1442,1442,1442,1442,36.672,0.2,2,11.46
1443,1443,1443,1443,1443,13.76,0.0,2,6.3296
1444,1444,1444,1444,1444,139.424,0.2,4,17.428
1445,1445,1445,1445,1445,1979.928,0.2,9,148.4946
1446,1446,1446,1446,1446,164.736,0.2,4,-39.1248
1447,1447,1447,1447,1447,470.302,0.3,7,-87.3418
1448,1448,1448,1448,1448,47.984,0.2,2,5.998
1449,1449,1449,1449,1449,2.502,0.7,3,-1.7514
1450,1450,1450,1450,1450,88.752,0.2,3,11.094
1451,1451,1451,1451,1451,2.025,0.7,1,-1.35
1452,1452,1452,1452,1452,70.98,0.0,7,34.7802
1453,1453,1453,1453,1453,91.68,0.0,3,45.84
1454,1454,1454,1454,1454,33.75,0.0,5,16.875
1455,1455,1455,1455,1455,3040.0,0.0,8,1459.2
1456,1456,1456,1456,1456,91.2,0.0,3,41.952
1457,1457,1457,1457,1457,452.94,0.0,3,67.941
1458,1458,1458,1458,1458,52.2,0.0,9,23.49
1459,1459,1459,1459,1459,15.936,0.2,4,5.1792
1460,1460,1460,1460,1460,27.46,0.0,2,9.8856
1461,1461,1461,1461,1461,55.424,0.2,2,19.3984
1462,1462,1462,1462,1462,244.006,0.3,2,-31.3722
1463,1463,1463,1463,1463,159.984,0.2,2,43.9956
1464,1464,1464,1464,1464,1024.716,0.3,6,-29.2776
1465,1465,1465,1465,1465,3.68,0.0,2,1.8032
1466,1466,1466,1466,1466,121.376,0.2,4,-3.0344
1467,1467,1467,1467,1467,95.976,0.2,3,-10.7973
1468,1468,1468,1468,1468,255.968,0.2,4,31.996
1469,1469,1469,1469,1469,872.94,0.0,3,226.9644
1470,1470,1470,1470,1470,41.54,0.0,2,19.5238
1471,1471,1471,1471,1471,12.96,0.0,2,6.2208
1472,1472,1472,1472,1472,6.848,0.2,2,0.5992
1473,1473,1473,1473,1473,8.67,0.0,3,4.0749
1474,1474,1474,1474,1474,6.688,0.6,4,-4.0128
1475,1475,1475,1475,1475,17.28,0.0,6,5.0112
1476,1476,1476,1476,1476,17.712,0.2,3,6.4206
1477,1477,1477,1477,1477,28.91,0.0,7,13.2986
1478,1478,1478,1478,1478,52.136,0.2,7,5.8653
1479,1479,1479,1479,1479,31.968,0.2,4,2.3976
1480,1480,1480,1480,1480,25.92,0.0,4,12.4416
1481,1481,1481,1481,1481,40.46,0.0,7,19.8254
1482,1482,1482,1482,1482,33.87,0.0,3,8.8062
1483,1483,1483,1483,1483,9.728,0.2,2,1.7024
1484,1484,1484,1484,1484,3.424,0.2,1,1.07
1485,1485,1485,1485,1485,177.0,0.0,3,30.09
1486,1486,1486,1486,1486,3.76,0.0,2,1.316
1487,1487,1487,1487,1487,1212.848,0.2,7,106.1242
1488,1488,1488,1488,1488,89.97,0.0,3,37.7874
1489,1489,1489,1489,1489,42.6,0.0,3,16.614
1490,1490,1490,1490,1490,5.04,0.2,2,1.764
1491,1491,1491,1491,1491,62.96,0.0,4,28.332
1492,1492,1492,1492,1492,5.88,0.0,1,2.8812
1493,1493,1493,1493,1493,977.292,0.1,6,173.7408
1494,1494,1494,1494,1494,9.64,0.0,2,3.6632
1495,1495,1495,1495,1495,40.05,0.0,3,11.214
1496,1496,1496,1496,1496,10.192,0.2,7,3.185
1497,1497,1497,1497,1497,16.784,0.2,1,-0.2098
1498,1498,1498,1498,1498,13.12,0.2,5,3.772
1499,1499,1499,1499,1499,18.16,0.2,5,6.583
1500,1500,1500,1500,1500,16.056,0.2,3,5.8203
1501,1501,1501,1501,1501,223.056,0.2,9,69.705
1502,1502,1502,1502,1502,540.048,0.2,3,-47.2542
1503,1503,1503,1503,1503,33.52,0.2,2,3.352
1504,1504,1504,1504,1504,9.94,0.0,2,3.0814
1505,1505,1505,1505,1505,6.72,0.0,4,3.36
1506,1506,1506,1506,1506,1004.976,0.2,6,-175.8708
1507,1507,1507,1507,1507,17.88,0.2,3,5.5875
1508,1508,1508,1508,1508,396.0,0.0,4,190.08
1509,1509,1509,1509,1509,34.5,0.0,3,15.525
1510,1510,1510,1510,1510,8.36,0.0,2,3.0096
1511,1511,1511,1511,1511,385.6,0.0,8,111.824
1512,1512,1512,1512,1512,35.82,0.0,9,11.8206
1513,1513,1513,1513,1513,200.064,0.2,3,12.504
1514,1514,1514,1514,1514,21.38,0.8,5,-33.139
1515,1515,1515,1515,1515,6.744,0.8,4,-11.4648
1516,1516,1516,1516,1516,63.686,0.3,1,-9.098
1517,1517,1517,1517,1517,1669.6,0.0,4,116.872
1518,1518,1518,1518,1518,83.84,0.2,2,27.248
1519,1519,1519,1519,1519,13.272,0.2,3,4.3134
1520,1520,1520,1520,1520,21.336,0.2,7,7.7343
1521,1521,1521,1521,1521,16.52,0.2,5,2.065
1522,1522,1522,1522,1522,206.112,0.2,6,48.9516
1523,1523,1523,1523,1523,19.92,0.2,5,6.723
1524,1524,1524,1524,1524,198.272,0.2,8,61.96
1525,1525,1525,1525,1525,247.104,0.2,6,-58.6872
1526,1526,1526,1526,1526,86.304,0.2,6,9.7092
1527,1527,1527,1527,1527,4.16,0.2,2,0.364
1528,1528,1528,1528,1528,11.648,0.2,2,3.3488
1529,1529,1529,1529,1529,26.18,0.0,7,0.5236
1530,1530,1530,1530,1530,7.3,0.0,2,3.431
1531,1531,1531,1531,1531,74.352,0.2,3,23.235
1532,1532,1532,1532,1532,10.744,0.2,1,0.8058
1533,1533,1533,1533,1533,8.376,0.2,3,2.7222
1534,1534,1534,1534,1534,212.88,0.0,6,0.0
1535,1535,1535,1535,1535,203.983,0.15,2,16.7986
1536,1536,1536,1536,1536,40.74,0.0,3,0.4074
1537,1537,1537,1537,1537,11.67,0.0,3,3.0342
1538,1538,1538,1538,1538,39.99,0.0,1,11.5971
1539,1539,1539,1539,1539,16.28,0.0,2,6.512
1540,1540,1540,1540,1540,782.94,0.0,3,203.5644
1541,1541,1541,1541,1541,242.48,0.0,7,116.3904
1542,1542,1542,1542,1542,8.32,0.2,5,2.288
1543,1543,1543,1543,1543,10.464,0.2,6,1.7004
1544,1544,1544,1544,1544,82.896,0.2,3,29.0136
1545,1545,1545,1545,1545,34.24,0.0,4,16.0928
1546,1546,1546,1546,1546,1573.488,0.2,7,196.686
1547,1547,1547,1547,1547,335.52,0.2,4,117.432
1548,1548,1548,1548,1548,23.912,0.8,2,-40.6504
1549,1549,1549,1549,1549,27.056,0.2,2,2.3674
1550,1550,1550,1550,1550,559.992,0.2,1,174.9975
1551,1551,1551,1551,1551,9.324,0.8,6,-24.7086
1552,1552,1552,1552,1552,111.96,0.0,2,54.8604
1553,1553,1553,1553,1553,21.56,0.0,7,10.3488
1554,1554,1554,1554,1554,124.75,0.0,5,57.385
1555,1555,1555,1555,1555,5.28,0.0,3,1.5312
1556,1556,1556,1556,1556,91.96,0.0,4,39.5428
1557,1557,1557,1557,1557,9.344,0.2,1,3.504
1558,1558,1558,1558,1558,79.36,0.2,5,9.92
1559,1559,1559,1559,1559,171.96,0.0,2,44.7096
1560,1560,1560,1560,1560,35.352,0.2,9,12.8151
1561,1561,1561,1561,1561,18.9,0.0,6,9.072
1562,1562,1562,1562,1562,2.78,0.0,1,0.7228
1563,1563,1563,1563,1563,1044.63,0.4,5,-295.9785
1564,1564,1564,1564,1564,11.352,0.2,3,4.1151
1565,1565,1565,1565,1565,354.9,0.0,5,17.745
1566,1566,1566,1566,1566,453.576,0.2,3,39.6879
1567,1567,1567,1567,1567,21.48,0.2,3,-0.2685
1568,1568,1568,1568,1568,8.784,0.8,4,-13.6152
1569,1569,1569,1569,1569,122.97,0.0,3,60.2553
1570,1570,1570,1570,1570,12.84,0.0,3,3.7236
1571,1571,1571,1571,1571,603.92,0.2,5,-67.941
1572,1572,1572,1572,1572,21.84,0.0,3,10.4832
1573,1573,1573,1573,1573,29.99,0.0,1,6.2979
1574,1574,1574,1574,1574,381.44,0.2,2,23.84
1575,1575,1575,1575,1575,40.68,0.2,3,-9.153
1576,1576,1576,1576,1576,763.28,0.3,5,-21.808
1577,1577,1577,1577,1577,23.952,0.2,2,2.3952
1578,1578,1578,1578,1578,4.98,0.0,1,2.4402
1579,1579,1579,1579,1579,170.88,0.0,3,49.5552
1580,1580,1580,1580,1580,307.98,0.0,2,89.3142
1581,1581,1581,1581,1581,382.806,0.4,9,-153.1224
1582,1582,1582,1582,1582,41.96,0.0,2,2.9372
1583,1583,1583,1583,1583,1217.568,0.2,2,456.588
1584,1584,1584,1584,1584,47.04,0.0,3,18.3456
1585,1585,1585,1585,1585,6.16,0.0,2,2.9568
1586,1586,1586,1586,1586,979.95,0.0,5,274.386
1587,1587,1587,1587,1587,143.7,0.0,3,68.976
1588,1588,1588,1588,1588,10.65,0.0,3,5.0055
1589,1589,1589,1589,1589,247.8,0.0,4,34.692
1590,1590,1590,1590,1590,10.96,0.0,4,2.9592
1591,1591,1591,1591,1591,33.488,0.2,7,5.8604
1592,1592,1592,1592,1592,8.04,0.2,5,2.9145
1593,1593,1593,1593,1593,201.568,0.2,4,22.6764
1594,1594,1594,1594,1594,13.44,0.0,3,6.5856
1595,1595,1595,1595,1595,359.058,0.3,3,-35.9058
1596,1596,1596,1596,1596,47.992,0.3,2,-2.0568
1597,1597,1597,1597,1597,547.3,0.0,13,175.136
1598,1598,1598,1598,1598,16.896,0.2,4,5.28
1599,1599,1599,1599,1599,6.672,0.2,1,0.5004
1600,1600,1600,1600,1600,99.136,0.2,4,8.6744
1601,1601,1601,1601,1601,15.992,0.6,2,-13.993
1602,1602,1602,1602,1602,211.96,0.0,2,42.392
1603,1603,1603,1603,1603,6.672,0.2,3,1.668
1604,1604,1604,1604,1604,155.94,0.0,6,45.2226
1605,1605,1605,1605,1605,39.96,0.2,5,12.987
1606,1606,1606,1606,1606,5.46,0.0,3,1.5288
1607,1607,1607,1607,1607,73.2,0.0,5,21.228
1608,1608,1608,1608,1608,5.84,0.2,1,1.971
1609,1609,1609,1609,1609,22.72,0.0,4,10.224
1610,1610,1610,1610,1610,9.336,0.2,3,3.2676
1611,1611,1611,1611,1611,290.666,0.15,2,27.3568
1612,1612,1612,1612,1612,201.584,0.2,2,20.1584
1613,1613,1613,1613,1613,83.984,0.2,2,31.494
1614,1614,1614,1614,1614,1000.02,0.0,7,290.0058
1615,1615,1615,1615,1615,83.976,0.2,3,-13.6461
1616,1616,1616,1616,1616,3.75,0.0,1,1.8
1617,1617,1617,1617,1617,41.4,0.0,4,19.872
1618,1618,1618,1618,1618,29.79,0.0,3,12.5118
1619,1619,1619,1619,1619,59.48,0.0,2,8.922
1620,1620,1620,1620,1620,6.69,0.0,1,3.0774
1621,1621,1621,1621,1621,198.46,0.0,2,99.23
1622,1622,1622,1622,1622,786.48,0.0,8,385.3752
1623,1623,1623,1623,1623,23.168,0.2,2,7.8192
1624,1624,1624,1624,1624,50.0,0.0,2,10.5
1625,1625,1625,1625,1625,675.96,0.2,5,84.495
1626,1626,1626,1626,1626,1265.85,0.0,3,556.974
1627,1627,1627,1627,1627,523.25,0.0,5,141.2775
1628,1628,1628,1628,1628,517.5,0.0,6,155.25
1629,1629,1629,1629,1629,17.92,0.2,5,2.464
1630,1630,1630,1630,1630,41.256,0.7,6,-34.38
1631,1631,1631,1631,1631,1006.056,0.2,3,88.0299
1632,1632,1632,1632,1632,10.688,0.2,2,3.7408
1633,1633,1633,1633,1633,10.368,0.2,2,3.6288
1634,1634,1634,1634,1634,25.12,0.2,2,1.57
1635,1635,1635,1635,1635,58.112,0.2,2,7.264
1636,1636,1636,1636,1636,15.552,0.2,3,5.4432
1637,1637,1637,1637,1637,669.08,0.2,5,-167.27
1638,1638,1638,1638,1638,438.336,0.2,4,-87.6672
1639,1639,1639,1639,1639,19.44,0.0,3,9.3312
1640,1640,1640,1640,1640,9.64,0.0,2,4.4344
1641,1641,1641,1641,1641,12.7,0.0,2,5.842
1642,1642,1642,1642,1642,41.37,0.0,3,17.3754
1643,1643,1643,1643,1643,12.624,0.2,2,3.945
1644,1644,1644,1644,1644,1247.64,0.0,3,349.3392
1645,1645,1645,1645,1645,3149.93,0.0,7,1480.4671
1646,1646,1646,1646,1646,209.7,0.0,2,100.656
1647,1647,1647,1647,1647,35.36,0.2,2,-3.094
1648,1648,1648,1648,1648,3.168,0.2,2,-0.7128
1649,1649,1649,1649,1649,121.104,0.7,6,-100.92
1650,1650,1650,1650,1650,45.894,0.4,1,-9.1788
1651,1651,1651,1651,1651,109.92,0.0,2,53.8608
1652,1652,1652,1652,1652,13.36,0.0,2,6.4128
1653,1653,1653,1653,1653,169.68,0.0,6,45.8136
1654,1654,1654,1654,1654,132.52,0.0,4,54.3332
1655,1655,1655,1655,1655,2.96,0.0,2,1.4208
1656,1656,1656,1656,1656,8.448,0.2,2,2.9568
1657,1657,1657,1657,1657,95.94,0.0,3,9.594
1658,1658,1658,1658,1658,34.79,0.0,7,10.7849
1659,1659,1659,1659,1659,160.776,0.2,3,10.0485
1660,1660,1660,1660,1660,88.752,0.2,3,27.735
1661,1661,1661,1661,1661,13.904,0.2,2,5.214
1662,1662,1662,1662,1662,677.58,0.4,5,-158.102
1663,1663,1663,1663,1663,13.896,0.7,3,-9.264
1664,1664,1664,1664,1664,41.92,0.2,5,3.668
1665,1665,1665,1665,1665,297.576,0.2,3,-7.4394
1666,1666,1666,1666,1666,4.344,0.2,3,0.8688
1667,1667,1667,1667,1667,94.992,0.2,2,-2.3748
1668,1668,1668,1668,1668,74.352,0.2,3,23.235
1669,1669,1669,1669,1669,14.04,0.2,3,1.5795
1670,1670,1670,1670,1670,1018.104,0.4,4,-373.3048
1671,1671,1671,1671,1671,16.68,0.2,3,5.2125
1672,1672,1672,1672,1672,58.58,0.0,2,19.3314
1673,1673,1673,1673,1673,167.968,0.2,4,62.988
1674,1674,1674,1674,1674,196.62,0.0,2,96.3438
1675,1675,1675,1675,1675,21.936,0.6,2,-10.4196
1676,1676,1676,1676,1676,6.588,0.8,3,-10.2114
1677,1677,1677,1677,1677,104.28,0.0,3,26.07
1678,1678,1678,1678,1678,17.94,0.0,3,8.7906
1679,1679,1679,1679,1679,64.784,0.2,1,-14.5764
1680,1680,1680,1680,1680,32.382,0.4,3,4.3176
1681,1681,1681,1681,1681,42.368,0.2,2,8.4736
1682,1682,1682,1682,1682,399.54,0.7,4,-559.356
1683,1683,1683,1683,1683,18.97,0.0,1,9.1056
1684,1684,1684,1684,1684,14.82,0.0,3,6.2244
1685,1685,1685,1685,1685,99.28,0.2,2,12.41
1686,1686,1686,1686,1686,1.188,0.7,2,-0.99
1687,1687,1687,1687,1687,7.518,0.7,2,-5.7638
1688,1688,1688,1688,1688,10.368,0.2,2,3.6288
1689,1689,1689,1689,1689,310.88,0.2,2,23.316
1690,1690,1690,1690,1690,853.092,0.4,6,-227.4912
1691,1691,1691,1691,1691,33.45,0.0,5,15.387
1692,1692,1692,1692,1692,10.4,0.0,5,5.096
1693,1693,1693,1693,1693,21.88,0.2,5,6.2905
1694,1694,1694,1694,1694,13.616,0.2,2,3.5742
1695,1695,1695,1695,1695,63.96,0.0,4,19.8276
1696,1696,1696,1696,1696,14.46,0.0,3,7.0854
1697,1697,1697,1697,1697,104.98,0.0,2,52.49
1698,1698,1698,1698,1698,106.96,0.0,2,31.0184
1699,1699,1699,1699,1699,21.56,0.0,7,10.3488
1700,1700,1700,1700,1700,515.88,0.0,6,113.4936
1701,1701,1701,1701,1701,11.808,0.2,2,4.2804
1702,1702,1702,1702,1702,1931.04,0.1,9,321.84
1703,1703,1703,1703,1703,9.96,0.0,2,4.6812
1704,1704,1704,1704,1704,12.35,0.0,5,5.8045
1705,1705,1705,1705,1705,9.702,0.7,3,-7.1148
1706,1706,1706,1706,1706,11.61,0.7,2,-9.288
1707,1707,1707,1707,1707,43.86,0.0,6,20.6142
1708,1708,1708,1708,1708,148.48,0.2,2,16.704
1709,1709,1709,1709,1709,7.42,0.0,2,3.71
1710,1710,1710,1710,1710,71.992,0.2,1,-0.8999
1711,1711,1711,1711,1711,19.9,0.0,5,6.567
1712,1712,1712,1712,1712,1702.12,0.0,14,510.636
1713,1713,1713,1713,1713,14.304,0.2,6,5.0064
1714,1714,1714,1714,1714,765.625,0.5,7,-566.5625
1715,1715,1715,1715,1715,307.666,0.15,2,-14.4784
1716,1716,1716,1716,1716,7.712,0.2,2,2.7956
1717,1717,1717,1717,1717,242.9,0.0,5,70.441
1718,1718,1718,1718,1718,454.9,0.0,5,0.0
1719,1719,1719,1719,1719,35.92,0.0,4,15.0864
1720,1720,1720,1720,1720,39.76,0.0,8,12.3256
1721,1721,1721,1721,1721,47.744,0.2,4,14.92
1722,1722,1722,1722,1722,159.984,0.2,2,11.9988
1723,1723,1723,1723,1723,255.968,0.2,4,51.1936
1724,1724,1724,1724,1724,359.058,0.3,3,-71.8116
1725,1725,1725,1725,1725,434.352,0.2,3,43.4352
1726,1726,1726,1726,1726,3.552,0.2,2,0.444
1727,1727,1727,1727,1727,88.832,0.2,4,7.7728
1728,1728,1728,1728,1728,1048.35,0.4,5,-69.89
1729,1729,1729,1729,1729,100.0,0.0,4,21.0
1730,1730,1730,1730,1730,7.83,0.0,3,3.6018
1731,1731,1731,1731,1731,96.256,0.2,8,31.2832
1732,1732,1732,1732,1732,10.688,0.2,2,3.7408
1733,1733,1733,1733,1733,338.04,0.2,3,-33.804
1734,1734,1734,1734,1734,154.24,0.2,4,17.352
1735,1735,1735,1735,1735,34.848,0.2,2,6.534
1736,1736,1736,1736,1736,22.0,0.2,5,1.375
1737,1737,1737,1737,1737,4.368,0.2,3,0.3822
1738,1738,1738,1738,1738,31.44,0.0,3,8.4888
1739,1739,1739,1739,1739,17.9,0.0,2,3.401
1740,1740,1740,1740,1740,129.45,0.0,5,46.602
1741,1741,1741,1741,1741,20.88,0.0,8,9.6048
1742,1742,1742,1742,1742,20.736,0.2,4,7.2576
1743,1743,1743,1743,1743,7.168,0.2,2,0.9856
1744,1744,1744,1744,1744,11.168,0.2,2,-2.5128
1745,1745,1745,1745,1745,442.4,0.2,7,-55.3
1746,1746,1746,1746,1746,13.36,0.0,2,4.9432
1747,1747,1747,1747,1747,11.232,0.7,8,-8.2368
1748,1748,1748,1748,1748,10.272,0.2,3,3.21
1749,1749,1749,1749,1749,10.368,0.2,2,3.6288
1750,1750,1750,1750,1750,6.24,0.2,3,0.546
1751,1751,1751,1751,1751,206.962,0.3,2,-32.5226
1752,1752,1752,1752,1752,9.46,0.0,2,3.6894
1753,1753,1753,1753,1753,559.62,0.0,9,151.0974
1754,1754,1754,1754,1754,109.92,0.0,2,53.8608
1755,1755,1755,1755,1755,8.56,0.0,2,3.852
1756,1756,1756,1756,1756,360.712,0.2,11,130.7581
1757,1757,1757,1757,1757,1718.4,0.2,6,150.36
1758,1758,1758,1758,1758,41.568,0.8,6,-66.5088
1759,1759,1759,1759,1759,46.864,0.2,2,7.6154
1760,1760,1760,1760,1760,19.536,0.2,3,4.884
1761,1761,1761,1761,1761,411.332,0.15,4,-4.8392
1762,1762,1762,1762,1762,28.752,0.2,6,9.7038
1763,1763,1763,1763,1763,293.199,0.15,3,-20.6964
1764,1764,1764,1764,1764,35.06,0.0,2,10.518
1765,1765,1765,1765,1765,4.13,0.0,1,1.8998
1766,1766,1766,1766,1766,109.8,0.0,9,46.116
1767,1767,1767,1767,1767,9.82,0.0,2,4.8118
1768,1768,1768,1768,1768,7.644,0.7,4,-5.8604
1769,1769,1769,1769,1769,51.465,0.7,5,-39.4565
1770,1770,1770,1770,1770,6.976,0.2,4,-1.3952
1771,1771,1771,1771,1771,12.222,0.8,7,-20.1663
1772,1772,1772,1772,1772,97.984,0.2,2,-24.496
1773,1773,1773,1773,1773,62.4,0.2,6,19.5
1774,1774,1774,1774,1774,20.86,0.0,2,9.387
1775,1775,1775,1775,1775,497.61,0.0,9,129.3786
1776,1776,1776,1776,1776,5.34,0.0,2,1.4952
1777,1777,1777,1777,1777,3.15,0.0,1,1.512
1778,1778,1778,1778,1778,368.91,0.0,9,180.7659
1779,1779,1779,1779,1779,14.7,0.0,5,6.615
1780,1780,1780,1780,1780,59.97,0.0,3,14.9925
1781,1781,1781,1781,1781,83.36,0.0,1,20.84
1782,1782,1782,1782,1782,6.58,0.0,2,3.0268
1783,1783,1783,1783,1783,122.94,0.0,3,59.0112
1784,1784,1784,1784,1784,219.84,0.0,4,107.7216
1785,1785,1785,1785,1785,98.16,0.0,6,9.816
1786,1786,1786,1786,1786,33.04,0.0,8,15.5288
1787,1787,1787,1787,1787,86.97,0.0,3,25.2213
1788,1788,1788,1788,1788,134.97,0.0,3,64.7856
1789,1789,1789,1789,1789,699.98,0.0,2,195.9944
1790,1790,1790,1790,1790,139.95,0.0,5,26.5905
1791,1791,1791,1791,1791,48.94,0.0,1,24.47
1792,1792,1792,1792,1792,2807.84,0.0,8,673.8816
1793,1793,1793,1793,1793,46.64,0.0,4,12.5928
1794,1794,1794,1794,1794,60.416,0.2,2,6.0416
1795,1795,1795,1795,1795,107.94,0.0,3,26.985
1796,1796,1796,1796,1796,63.84,0.0,8,16.5984
1797,1797,1797,1797,1797,347.97,0.0,3,100.9113
1798,1798,1798,1798,1798,37.008,0.2,6,11.565
1799,1799,1799,1799,1799,215.65,0.0,5,73.321
1800,1800,1800,1800,1800,11.168,0.2,4,3.6296
1801,1801,1801,1801,1801,53.952,0.2,3,17.5344
1802,1802,1802,1802,1802,4.18,0.0,1,1.5048
1803,1803,1803,1803,1803,5.607,0.7,1,-4.2987
1804,1804,1804,1804,1804,4663.736,0.2,7,-1049.3406
1805,1805,1805,1805,1805,79.984,0.2,2,22.9954
1806,1806,1806,1806,1806,2575.944,0.2,7,257.5944
1807,1807,1807,1807,1807,45.36,0.0,7,21.7728
1808,1808,1808,1808,1808,254.24,0.0,7,76.272
1809,1809,1809,1809,1809,69.93,0.0,7,0.6993
1810,1810,1810,1810,1810,16.156,0.6,7,-12.117
1811,1811,1811,1811,1811,54.816,0.2,3,17.8152
1812,1812,1812,1812,1812,1441.3,0.0,7,245.021
1813,1813,1813,1813,1813,77.6,0.2,5,28.13
1814,1814,1814,1814,1814,4.656,0.2,2,1.5714
1815,1815,1815,1815,1815,170.136,0.2,3,-8.5068
1816,1816,1816,1816,1816,7.38,0.0,2,3.4686
1817,1817,1817,1817,1817,9.26,0.0,2,3.0558
1818,1818,1818,1818,1818,9.96,0.0,2,4.5816
1819,1819,1819,1819,1819,75.6,0.8,2,-166.32
1820,1820,1820,1820,1820,29.32,0.6,2,-24.189
1821,1821,1821,1821,1821,92.064,0.8,6,-225.5568
1822,1822,1822,1822,1822,6.976,0.2,4,1.8312
1823,1823,1823,1823,1823,62.958,0.3,3,-2.6982
1824,1824,1824,1824,1824,5.184,0.2,1,1.8144
1825,1825,1825,1825,1825,31.32,0.7,10,-25.056
1826,1826,1826,1826,1826,11.84,0.2,4,3.108
1827,1827,1827,1827,1827,22.784,0.2,1,4.8416
1828,1828,1828,1828,1828,1127.976,0.2,3,126.8973
1829,1829,1829,1829,1829,38.88,0.0,6,18.6624
1830,1830,1830,1830,1830,779.796,0.4,2,-168.9558
1831,1831,1831,1831,1831,1439.92,0.0,8,374.3792
1832,1832,1832,1832,1832,262.11,0.0,1,62.9064
1833,1833,1833,1833,1833,207.0,0.2,3,25.875
1834,1834,1834,1834,1834,1439.982,0.4,3,-263.9967
1835,1835,1835,1835,1835,36.288,0.2,7,12.7008
1836,1836,1836,1836,1836,21.4,0.0,5,6.206
1837,1837,1837,1837,1837,1245.86,0.0,7,361.2994
1838,1838,1838,1838,1838,17.544,0.2,3,5.9211
1839,1839,1839,1839,1839,44.128,0.2,4,12.1352
1840,1840,1840,1840,1840,62.92,0.2,1,10.2245
1841,1841,1841,1841,1841,78.304,0.2,2,29.364
1842,1842,1842,1842,1842,140.81,0.0,1,39.4268
1843,1843,1843,1843,1843,40.096,0.2,4,13.5324
1844,1844,1844,1844,1844,40.784,0.6,2,-30.588
1845,1845,1845,1845,1845,90.57,0.0,3,11.7741
1846,1846,1846,1846,1846,40.08,0.0,6,19.2384
1847,1847,1847,1847,1847,37.68,0.0,2,15.8256
1848,1848,1848,1848,1848,362.352,0.2,3,27.1764
1849,1849,1849,1849,1849,7.184,0.2,2,2.245
1850,1850,1850,1850,1850,34.76,0.0,1,9.7328
1851,1851,1851,1851,1851,831.2,0.0,5,124.68
1852,1852,1852,1852,1852,26.4,0.0,5,11.88
1853,1853,1853,1853,1853,106.75,0.0,7,49.105
1854,1854,1854,1854,1854,97.82,0.0,2,45.9754
1855,1855,1855,1855,1855,141.4,0.0,5,38.178
1856,1856,1856,1856,1856,14.52,0.0,3,4.7916
1857,1857,1857,1857,1857,127.92,0.2,5,-15.99
1858,1858,1858,1858,1858,34.24,0.8,4,-53.072
1859,1859,1859,1859,1859,137.62,0.0,2,60.5528
1860,1860,1860,1860,1860,100.49,0.0,1,25.1225
1861,1861,1861,1861,1861,257.568,0.2,2,-28.9764
1862,1862,1862,1862,1862,119.96,0.0,4,33.5888
1863,1863,1863,1863,1863,49.632,0.2,4,4.9632
1864,1864,1864,1864,1864,727.45,0.5,5,-465.568
1865,1865,1865,1865,1865,24.96,0.2,3,4.368
1866,1866,1866,1866,1866,370.782,0.4,3,-92.6955
1867,1867,1867,1867,1867,196.45,0.0,5,70.722
1868,1868,1868,1868,1868,31.104,0.2,6,10.8864
1869,1869,1869,1869,1869,78.256,0.2,2,-17.6076
1870,1870,1870,1870,1870,6.48,0.0,1,3.1104
1871,1871,1871,1871,1871,99.2,0.0,5,25.792
1872,1872,1872,1872,1872,801.568,0.2,2,50.098
1873,1873,1873,1873,1873,272.848,0.2,1,27.2848
1874,1874,1874,1874,1874,70.98,0.0,1,20.5842
1875,1875,1875,1875,1875,16.224,0.2,2,5.8812
1876,1876,1876,1876,1876,176.784,0.2,1,-22.098
1877,1877,1877,1877,1877,470.376,0.2,3,47.0376
1878,1878,1878,1878,1878,393.568,0.2,4,-44.2764
1879,1879,1879,1879,1879,302.376,0.2,3,22.6782
1880,1880,1880,1880,1880,68.742,0.7,9,-48.1194
1881,1881,1881,1881,1881,29.34,0.0,3,14.67
1882,1882,1882,1882,1882,383.607,0.1,7,63.9345
1883,1883,1883,1883,1883,563.4,0.0,4,67.608
1884,1884,1884,1884,1884,217.056,0.2,7,78.6828
1885,1885,1885,1885,1885,6.0,0.2,2,2.1
1886,1886,1886,1886,1886,31.56,0.0,3,10.4148
1887,1887,1887,1887,1887,7.104,0.2,2,2.3976
1888,1888,1888,1888,1888,398.352,0.7,8,-331.96
1889,1889,1889,1889,1889,121.792,0.2,4,13.7016
1890,1890,1890,1890,1890,409.59,0.4,3,-122.877
1891,1891,1891,1891,1891,10.56,0.0,2,4.752
1892,1892,1892,1892,1892,3.38,0.0,1,1.2506
1893,1893,1893,1893,1893,7.824,0.2,1,2.934
1894,1894,1894,1894,1894,24.784,0.2,1,7.745
